V1,V2,V3,V4,V5,V6,V7,V8,V9,V10
1,2,3,4,5,6,7,8,9,10
1,2,3,4,5,6,7,8,9,10
1,2,3,4,5,6,7,8,9,10
1,2,3,4,5,6,7,8,9,10
1,2,3,4,5,6,7,8,9,10
1,2,3,4,5,6,7,8,9,10
1,2,3,4,5,6,7,8,9,10
1,2,3,4,5,6,7,8,9,10
1,2,3,4,5,6,7,8,9,10
1,2,3,4,5,6,7,8,9,10
1,2,3,4,5,6,7,8,9,10
1,2,3,4,5,6,7,8,9,10
1,2,3,4,5,6,7,8,9,10
1,2,3,4,5,6,7,8,9,10
1,2,3,4,5,6,7,8,9,10
1,2,3,4,5,6,7,8,9,10
1,2,3,4,5,6,7,8,9,10
1,2,3,4,5,6,7,8,9,10
1,2,3,4,5,6,7,8,9,10
1,2,3,4,5,6,7,8,9,10
1,2,3,4,5,6,7,8,9,10
1,2,3,4,5,6,7,8,9,10
1,2,3,4,5,6,7,8,9,10
1,2,3,4,5,6,7,8,9,10
1,2,3,4,5,6,7,8,9,10
1,2,3,4,5,6,7,8,9,10
1,2,3,4,5,6,7,8,9,10
1,2,3,4,5,6,7,8,9,10
1,2,3,4,5,6,7,8,9,10
1,2,3,4,5,6,7,8,9,10
1,2,3,4,5,6,7,8,9,10
1,2,3,4,5,6,7,8,9,10
1,2,3,4,5,6,7,8,9,10
1,2,3,4,5,6,7,8,9,10
1,2,3,4,5,6,7,8,9,10
1,2,3,4,5,6,7,8,9,10
1,2,3,4,5,6,7,8,9,10
1,2,3,4,5,6,7,8,9,10
1,2,3,4,5,6,7,8,9,10
1,2,3,4,5,6,7,8,9,10
1,2,3,4,5,6,7,8,9,10
1,2,3,4,5,6,7,8,9,10
1,2,3,4,5,6,7,8,9,10
1,2,3,4,5,6,7,8,9,10
1,2,3,4,5,6,7,8,9,10
1,2,3,4,5,6,7,8,9,10
1,2,3,4,5,6,7,8,9,10
1,2,3,4,5,6,7,8,9,10
1,2,3,4,5,6,7,8,9,10
1,2,3,4,5,6,7,8,9,10
1,2,3,4,5,6,7,8,9,10
1,2,3,4,5,6,7,8,9,10
1,2,3,4,5,6,7,8,9,10
1,2,3,4,5,6,7,8,9,10
1,2,3,4,5,6,7,8,9,10
1,2,3,4,5,6,7,8,9,10
1,2,3,4,5,6,7,8,9,10
1,2,3,4,5,6,7,8,9,10
1,2,3,4,5,6,7,8,9,10
1,2,3,4,5,6,7,8,9,10
1,2,3,4,5,6,7,8,9,10
1,2,3,4,5,6,7,8,9,10
1,2,3,4,5,6,7,8,9,10
1,2,3,4,5,6,7,8,9,10
1,2,3,4,5,6,7,8,9,10
1,2,3,4,5,6,7,8,9,10
1,2,3,4,5,6,7,8,9,10
1,2,3,4,5,6,7,8,9,10
1,2,3,4,5,6,7,8,9,10
1,2,3,4,5,6,7,8,9,10
1,2,3,4,5,6,7,8,9,10
1,2,3,4,5,6,7,8,9,10
1,2,3,4,5,6,7,8,9,10
1,2,3,4,5,6,7,8,9,10
1,2,3,4,5,6,7,8,9,10
1,2,3,4,5,6,7,8,9,10
1,2,3,4,5,6,7,8,9,10
1,2,3,4,5,6,7,8,9,10
1,2,3,4,5,6,7,8,9,10
1,2,3,4,5,6,7,8,9,10
1,2,3,4,5,6,7,8,9,10
1,2,3,4,5,6,7,8,9,10
1,2,3,4,5,6,7,8,9,10
1,2,3,4,5,6,7,8,9,10
1,2,3,4,5,6,7,8,9,10
1,2,3,4,5,6,7,8,9,10
1,2,3,4,5,6,7,8,9,10
1,2,3,4,5,6,7,8,9,10
1,2,3,4,5,6,7,8,9,10
1,2,3,4,5,6,7,8,9,10
1,2,3,4,5,6,7,8,9,10
1,2,3,4,5,6,7,8,9,10
1,2,3,4,5,6,7,8,9,10
1,2,3,4,5,6,7,8,9,10
1,2,3,4,5,6,7,8,9,10
1,2,3,4,5,6,7,8,9,10
1,2,3,4,5,6,7,8,9,10
1,2,3,4,5,6,7,8,9,10
1,2,3,4,5,6,7,8,9,10
1,2,3,4,5,6,7,8,9,10
1,2,3,4,5,6,7,8,9,10
1,2,3,4,5,6,7,8,9,10
1,2,3,4,5,6,7,8,9,10
1,2,3,4,5,6,7,8,9,10
1,2,3,4,5,6,7,8,9,10
1,2,3,4,5,6,7,8,9,10
1,2,3,4,5,6,7,8,9,10
1,2,3,4,5,6,7,8,9,10
1,2,3,4,5,6,7,8,9,10
1,2,3,4,5,6,7,8,9,10
1,2,3,4,5,6,7,8,9,10
1,2,3,4,5,6,7,8,9,10
1,2,3,4,5,6,7,8,9,10
1,2,3,4,5,6,7,8,9,10
1,2,3,4,5,6,7,8,9,10
1,2,3,4,5,6,7,8,9,10
1,2,3,4,5,6,7,8,9,10
1,2,3,4,5,6,7,8,9,10
1,2,3,4,5,6,7,8,9,10
1,2,3,4,5,6,7,8,9,10
1,2,3,4,5,6,7,8,9,10
1,2,3,4,5,6,7,8,9,10
1,2,3,4,5,6,7,8,9,10
1,2,3,4,5,6,7,8,9,10
1,2,3,4,5,6,7,8,9,10
1,2,3,4,5,6,7,8,9,10
1,2,3,4,5,6,7,8,9,10
1,2,3,4,5,6,7,8,9,10
1,2,3,4,5,6,7,8,9,10
1,2,3,4,5,6,7,8,9,10
1,2,3,4,5,6,7,8,9,10
1,2,3,4,5,6,7,8,9,10
1,2,3,4,5,6,7,8,9,10
1,2,3,4,5,6,7,8,9,10
1,2,3,4,5,6,7,8,9,10
1,2,3,4,5,6,7,8,9,10
1,2,3,4,5,6,7,8,9,10
1,2,3,4,5,6,7,8,9,10
1,2,3,4,5,6,7,8,9,10
1,2,3,4,5,6,7,8,9,10
1,2,3,4,5,6,7,8,9,10
1,2,3,4,5,6,7,8,9,10
1,2,3,4,5,6,7,8,9,10
1,2,3,4,5,6,7,8,9,10
1,2,3,4,5,6,7,8,9,10
1,2,3,4,5,6,7,8,9,10
1,2,3,4,5,6,7,8,9,10
1,2,3,4,5,6,7,8,9,10
1,2,3,4,5,6,7,8,9,10
1,2,3,4,5,6,7,8,9,10
1,2,3,4,5,6,7,8,9,10
1,2,3,4,5,6,7,8,9,10
1,2,3,4,5,6,7,8,9,10
1,2,3,4,5,6,7,8,9,10
1,2,3,4,5,6,7,8,9,10
1,2,3,4,5,6,7,8,9,10
1,2,3,4,5,6,7,8,9,10
1,2,3,4,5,6,7,8,9,10
1,2,3,4,5,6,7,8,9,10
1,2,3,4,5,6,7,8,9,10
1,2,3,4,5,6,7,8,9,10
1,2,3,4,5,6,7,8,9,10
1,2,3,4,5,6,7,8,9,10
1,2,3,4,5,6,7,8,9,10
1,2,3,4,5,6,7,8,9,10
1,2,3,4,5,6,7,8,9,10
1,2,3,4,5,6,7,8,9,10
1,2,3,4,5,6,7,8,9,10
1,2,3,4,5,6,7,8,9,10
1,2,3,4,5,6,7,8,9,10
1,2,3,4,5,6,7,8,9,10
1,2,3,4,5,6,7,8,9,10
1,2,3,4,5,6,7,8,9,10
1,2,3,4,5,6,7,8,9,10
1,2,3,4,5,6,7,8,9,10
1,2,3,4,5,6,7,8,9,10
1,2,3,4,5,6,7,8,9,10
1,2,3,4,5,6,7,8,9,10
1,2,3,4,5,6,7,8,9,10
1,2,3,4,5,6,7,8,9,10
1,2,3,4,5,6,7,8,9,10
1,2,3,4,5,6,7,8,9,10
1,2,3,4,5,6,7,8,9,10
1,2,3,4,5,6,7,8,9,10
1,2,3,4,5,6,7,8,9,10
1,2,3,4,5,6,7,8,9,10
1,2,3,4,5,6,7,8,9,10
1,2,3,4,5,6,7,8,9,10
1,2,3,4,5,6,7,8,9,10
1,2,3,4,5,6,7,8,9,10
1,2,3,4,5,6,7,8,9,10
1,2,3,4,5,6,7,8,9,10
1,2,3,4,5,6,7,8,9,10
1,2,3,4,5,6,7,8,9,10
1,2,3,4,5,6,7,8,9,10
1,2,3,4,5,6,7,8,9,10
1,2,3,4,5,6,7,8,9,10
1,2,3,4,5,6,7,8,9,10
1,2,3,4,5,6,7,8,9,10
1,2,3,4,5,6,7,8,9,10
1,2,3,4,5,6,7,8,9,10
1,2,3,4,5,6,7,8,9,10
1,2,3,4,5,6,7,8,9,10
1,2,3,4,5,6,7,8,9,10
1,2,3,4,5,6,7,8,9,10
1,2,3,4,5,6,7,8,9,10
1,2,3,4,5,6,7,8,9,10
1,2,3,4,5,6,7,8,9,10
1,2,3,4,5,6,7,8,9,10
1,2,3,4,5,6,7,8,9,10
1,2,3,4,5,6,7,8,9,10
1,2,3,4,5,6,7,8,9,10
1,2,3,4,5,6,7,8,9,10
1,2,3,4,5,6,7,8,9,10
1,2,3,4,5,6,7,8,9,10
1,2,3,4,5,6,7,8,9,10
1,2,3,4,5,6,7,8,9,10
1,2,3,4,5,6,7,8,9,10
1,2,3,4,5,6,7,8,9,10
1,2,3,4,5,6,7,8,9,10
1,2,3,4,5,6,7,8,9,10
1,2,3,4,5,6,7,8,9,10
1,2,3,4,5,6,7,8,9,10
1,2,3,4,5,6,7,8,9,10
1,2,3,4,5,6,7,8,9,10
1,2,3,4,5,6,7,8,9,10
1,2,3,4,5,6,7,8,9,10
1,2,3,4,5,6,7,8,9,10
1,2,3,4,5,6,7,8,9,10
1,2,3,4,5,6,7,8,9,10
1,2,3,4,5,6,7,8,9,10
1,2,3,4,5,6,7,8,9,10
1,2,3,4,5,6,7,8,9,10
1,2,3,4,5,6,7,8,9,10
1,2,3,4,5,6,7,8,9,10
1,2,3,4,5,6,7,8,9,10
1,2,3,4,5,6,7,8,9,10
1,2,3,4,5,6,7,8,9,10
1,2,3,4,5,6,7,8,9,10
1,2,3,4,5,6,7,8,9,10
1,2,3,4,5,6,7,8,9,10
1,2,3,4,5,6,7,8,9,10
1,2,3,4,5,6,7,8,9,10
1,2,3,4,5,6,7,8,9,10
1,2,3,4,5,6,7,8,9,10
1,2,3,4,5,6,7,8,9,10
1,2,3,4,5,6,7,8,9,10
1,2,3,4,5,6,7,8,9,10
1,2,3,4,5,6,7,8,9,10
1,2,3,4,5,6,7,8,9,10
1,2,3,4,5,6,7,8,9,10
1,2,3,4,5,6,7,8,9,10
1,2,3,4,5,6,7,8,9,10
1,2,3,4,5,6,7,8,9,10
1,2,3,4,5,6,7,8,9,10
1,2,3,4,5,6,7,8,9,10
1,2,3,4,5,6,7,8,9,10
1,2,3,4,5,6,7,8,9,10
1,2,3,4,5,6,7,8,9,10
1,2,3,4,5,6,7,8,9,10
1,2,3,4,5,6,7,8,9,10
1,2,3,4,5,6,7,8,9,10
1,2,3,4,5,6,7,8,9,10
1,2,3,4,5,6,7,8,9,10
1,2,3,4,5,6,7,8,9,10
1,2,3,4,5,6,7,8,9,10
1,2,3,4,5,6,7,8,9,10
1,2,3,4,5,6,7,8,9,10
1,2,3,4,5,6,7,8,9,10
1,2,3,4,5,6,7,8,9,10
1,2,3,4,5,6,7,8,9,10
1,2,3,4,5,6,7,8,9,10
1,2,3,4,5,6,7,8,9,10
1,2,3,4,5,6,7,8,9,10
1,2,3,4,5,6,7,8,9,10
1,2,3,4,5,6,7,8,9,10
1,2,3,4,5,6,7,8,9,10
1,2,3,4,5,6,7,8,9,10
1,2,3,4,5,6,7,8,9,10
1,2,3,4,5,6,7,8,9,10
1,2,3,4,5,6,7,8,9,10
1,2,3,4,5,6,7,8,9,10
1,2,3,4,5,6,7,8,9,10
1,2,3,4,5,6,7,8,9,10
1,2,3,4,5,6,7,8,9,10
1,2,3,4,5,6,7,8,9,10
1,2,3,4,5,6,7,8,9,10
1,2,3,4,5,6,7,8,9,10
1,2,3,4,5,6,7,8,9,10
1,2,3,4,5,6,7,8,9,10
1,2,3,4,5,6,7,8,9,10
1,2,3,4,5,6,7,8,9,10
1,2,3,4,5,6,7,8,9,10
1,2,3,4,5,6,7,8,9,10
1,2,3,4,5,6,7,8,9,10
1,2,3,4,5,6,7,8,9,10
1,2,3,4,5,6,7,8,9,10
1,2,3,4,5,6,7,8,9,10
1,2,3,4,5,6,7,8,9,10
1,2,3,4,5,6,7,8,9,10
1,2,3,4,5,6,7,8,9,10
1,2,3,4,5,6,7,8,9,10
1,2,3,4,5,6,7,8,9,10
1,2,3,4,5,6,7,8,9,10
1,2,3,4,5,6,7,8,9,10
1,2,3,4,5,6,7,8,9,10
1,2,3,4,5,6,7,8,9,10
1,2,3,4,5,6,7,8,9,10
1,2,3,4,5,6,7,8,9,10
1,2,3,4,5,6,7,8,9,10
1,2,3,4,5,6,7,8,9,10
1,2,3,4,5,6,7,8,9,10
1,2,3,4,5,6,7,8,9,10
1,2,3,4,5,6,7,8,9,10
1,2,3,4,5,6,7,8,9,10
1,2,3,4,5,6,7,8,9,10
1,2,3,4,5,6,7,8,9,10
1,2,3,4,5,6,7,8,9,10
1,2,3,4,5,6,7,8,9,10
1,2,3,4,5,6,7,8,9,10
1,2,3,4,5,6,7,8,9,10
1,2,3,4,5,6,7,8,9,10
1,2,3,4,5,6,7,8,9,10
1,2,3,4,5,6,7,8,9,10
1,2,3,4,5,6,7,8,9,10
1,2,3,4,5,6,7,8,9,10
1,2,3,4,5,6,7,8,9,10
1,2,3,4,5,6,7,8,9,10
1,2,3,4,5,6,7,8,9,10
1,2,3,4,5,6,7,8,9,10
1,2,3,4,5,6,7,8,9,10
1,2,3,4,5,6,7,8,9,10
1,2,3,4,5,6,7,8,9,10
1,2,3,4,5,6,7,8,9,10
1,2,3,4,5,6,7,8,9,10
1,2,3,4,5,6,7,8,9,10
1,2,3,4,5,6,7,8,9,10
1,2,3,4,5,6,7,8,9,10
1,2,3,4,5,6,7,8,9,10
1,2,3,4,5,6,7,8,9,10
1,2,3,4,5,6,7,8,9,10
1,2,3,4,5,6,7,8,9,10
1,2,3,4,5,6,7,8,9,10
1,2,3,4,5,6,7,8,9,10
1,2,3,4,5,6,7,8,9,10
1,2,3,4,5,6,7,8,9,10
1,2,3,4,5,6,7,8,9,10
1,2,3,4,5,6,7,8,9,10
1,2,3,4,5,6,7,8,9,10
1,2,3,4,5,6,7,8,9,10
1,2,3,4,5,6,7,8,9,10
1,2,3,4,5,6,7,8,9,10
1,2,3,4,5,6,7,8,9,10
1,2,3,4,5,6,7,8,9,10
1,2,3,4,5,6,7,8,9,10
1,2,3,4,5,6,7,8,9,10
1,2,3,4,5,6,7,8,9,10
1,2,3,4,5,6,7,8,9,10
1,2,3,4,5,6,7,8,9,10
1,2,3,4,5,6,7,8,9,10
1,2,3,4,5,6,7,8,9,10
1,2,3,4,5,6,7,8,9,10
1,2,3,4,5,6,7,8,9,10
1,2,3,4,5,6,7,8,9,10
1,2,3,4,5,6,7,8,9,10
1,2,3,4,5,6,7,8,9,10
1,2,3,4,5,6,7,8,9,10
1,2,3,4,5,6,7,8,9,10
1,2,3,4,5,6,7,8,9,10
1,2,3,4,5,6,7,8,9,10
1,2,3,4,5,6,7,8,9,10
1,2,3,4,5,6,7,8,9,10
1,2,3,4,5,6,7,8,9,10
1,2,3,4,5,6,7,8,9,10
1,2,3,4,5,6,7,8,9,10
1,2,3,4,5,6,7,8,9,10
1,2,3,4,5,6,7,8,9,10
1,2,3,4,5,6,7,8,9,10
1,2,3,4,5,6,7,8,9,10
1,2,3,4,5,6,7,8,9,10
1,2,3,4,5,6,7,8,9,10
1,2,3,4,5,6,7,8,9,10
1,2,3,4,5,6,7,8,9,10
1,2,3,4,5,6,7,8,9,10
1,2,3,4,5,6,7,8,9,10
1,2,3,4,5,6,7,8,9,10
1,2,3,4,5,6,7,8,9,10
1,2,3,4,5,6,7,8,9,10
1,2,3,4,5,6,7,8,9,10
1,2,3,4,5,6,7,8,9,10
1,2,3,4,5,6,7,8,9,10
1,2,3,4,5,6,7,8,9,10
1,2,3,4,5,6,7,8,9,10
1,2,3,4,5,6,7,8,9,10
1,2,3,4,5,6,7,8,9,10
1,2,3,4,5,6,7,8,9,10
1,2,3,4,5,6,7,8,9,10
1,2,3,4,5,6,7,8,9,10
1,2,3,4,5,6,7,8,9,10
1,2,3,4,5,6,7,8,9,10
1,2,3,4,5,6,7,8,9,10
1,2,3,4,5,6,7,8,9,10
1,2,3,4,5,6,7,8,9,10
1,2,3,4,5,6,7,8,9,10
1,2,3,4,5,6,7,8,9,10
1,2,3,4,5,6,7,8,9,10
1,2,3,4,5,6,7,8,9,10
1,2,3,4,5,6,7,8,9,10
1,2,3,4,5,6,7,8,9,10
1,2,3,4,5,6,7,8,9,10
1,2,3,4,5,6,7,8,9,10
1,2,3,4,5,6,7,8,9,10
1,2,3,4,5,6,7,8,9,10
1,2,3,4,5,6,7,8,9,10
1,2,3,4,5,6,7,8,9,10
1,2,3,4,5,6,7,8,9,10
1,2,3,4,5,6,7,8,9,10
1,2,3,4,5,6,7,8,9,10
1,2,3,4,5,6,7,8,9,10
1,2,3,4,5,6,7,8,9,10
1,2,3,4,5,6,7,8,9,10
1,2,3,4,5,6,7,8,9,10
1,2,3,4,5,6,7,8,9,10
1,2,3,4,5,6,7,8,9,10
1,2,3,4,5,6,7,8,9,10
1,2,3,4,5,6,7,8,9,10
1,2,3,4,5,6,7,8,9,10
1,2,3,4,5,6,7,8,9,10
1,2,3,4,5,6,7,8,9,10
1,2,3,4,5,6,7,8,9,10
1,2,3,4,5,6,7,8,9,10
1,2,3,4,5,6,7,8,9,10
1,2,3,4,5,6,7,8,9,10
1,2,3,4,5,6,7,8,9,10
1,2,3,4,5,6,7,8,9,10
1,2,3,4,5,6,7,8,9,10
1,2,3,4,5,6,7,8,9,10
1,2,3,4,5,6,7,8,9,10
1,2,3,4,5,6,7,8,9,10
1,2,3,4,5,6,7,8,9,10
1,2,3,4,5,6,7,8,9,10
1,2,3,4,5,6,7,8,9,10
1,2,3,4,5,6,7,8,9,10
1,2,3,4,5,6,7,8,9,10
1,2,3,4,5,6,7,8,9,10
1,2,3,4,5,6,7,8,9,10
1,2,3,4,5,6,7,8,9,10
1,2,3,4,5,6,7,8,9,10
1,2,3,4,5,6,7,8,9,10
1,2,3,4,5,6,7,8,9,10
1,2,3,4,5,6,7,8,9,10
1,2,3,4,5,6,7,8,9,10
1,2,3,4,5,6,7,8,9,10
1,2,3,4,5,6,7,8,9,10
1,2,3,4,5,6,7,8,9,10
1,2,3,4,5,6,7,8,9,10
1,2,3,4,5,6,7,8,9,10
1,2,3,4,5,6,7,8,9,10
1,2,3,4,5,6,7,8,9,10
1,2,3,4,5,6,7,8,9,10
1,2,3,4,5,6,7,8,9,10
1,2,3,4,5,6,7,8,9,10
1,2,3,4,5,6,7,8,9,10
1,2,3,4,5,6,7,8,9,10
1,2,3,4,5,6,7,8,9,10
1,2,3,4,5,6,7,8,9,10
1,2,3,4,5,6,7,8,9,10
1,2,3,4,5,6,7,8,9,10
1,2,3,4,5,6,7,8,9,10
1,2,3,4,5,6,7,8,9,10
1,2,3,4,5,6,7,8,9,10
1,2,3,4,5,6,7,8,9,10
1,2,3,4,5,6,7,8,9,10
1,2,3,4,5,6,7,8,9,10
1,2,3,4,5,6,7,8,9,10
1,2,3,4,5,6,7,8,9,10
1,2,3,4,5,6,7,8,9,10
1,2,3,4,5,6,7,8,9,10
1,2,3,4,5,6,7,8,9,10
1,2,3,4,5,6,7,8,9,10
1,2,3,4,5,6,7,8,9,10
1,2,3,4,5,6,7,8,9,10
1,2,3,4,5,6,7,8,9,10
1,2,3,4,5,6,7,8,9,10
1,2,3,4,5,6,7,8,9,10
1,2,3,4,5,6,7,8,9,10
1,2,3,4,5,6,7,8,9,10
1,2,3,4,5,6,7,8,9,10
1,2,3,4,5,6,7,8,9,10
1,2,3,4,5,6,7,8,9,10
1,2,3,4,5,6,7,8,9,10
1,2,3,4,5,6,7,8,9,10
1,2,3,4,5,6,7,8,9,10
1,2,3,4,5,6,7,8,9,10
1,2,3,4,5,6,7,8,9,10
1,2,3,4,5,6,7,8,9,10
1,2,3,4,5,6,7,8,9,10
1,2,3,4,5,6,7,8,9,10
1,2,3,4,5,6,7,8,9,10
1,2,3,4,5,6,7,8,9,10
1,2,3,4,5,6,7,8,9,10
1,2,3,4,5,6,7,8,9,10
1,2,3,4,5,6,7,8,9,10
1,2,3,4,5,6,7,8,9,10
1,2,3,4,5,6,7,8,9,10
1,2,3,4,5,6,7,8,9,10
1,2,3,4,5,6,7,8,9,10
1,2,3,4,5,6,7,8,9,10
1,2,3,4,5,6,7,8,9,10
1,2,3,4,5,6,7,8,9,10
1,2,3,4,5,6,7,8,9,10
1,2,3,4,5,6,7,8,9,10
1,2,3,4,5,6,7,8,9,10
1,2,3,4,5,6,7,8,9,10
1,2,3,4,5,6,7,8,9,10
1,2,3,4,5,6,7,8,9,10
1,2,3,4,5,6,7,8,9,10
1,2,3,4,5,6,7,8,9,10
1,2,3,4,5,6,7,8,9,10
1,2,3,4,5,6,7,8,9,10
1,2,3,4,5,6,7,8,9,10
1,2,3,4,5,6,7,8,9,10
1,2,3,4,5,6,7,8,9,10
1,2,3,4,5,6,7,8,9,10
1,2,3,4,5,6,7,8,9,10
1,2,3,4,5,6,7,8,9,10
1,2,3,4,5,6,7,8,9,10
1,2,3,4,5,6,7,8,9,10
1,2,3,4,5,6,7,8,9,10
1,2,3,4,5,6,7,8,9,10
1,2,3,4,5,6,7,8,9,10
1,2,3,4,5,6,7,8,9,10
1,2,3,4,5,6,7,8,9,10
1,2,3,4,5,6,7,8,9,10
1,2,3,4,5,6,7,8,9,10
1,2,3,4,5,6,7,8,9,10
1,2,3,4,5,6,7,8,9,10
1,2,3,4,5,6,7,8,9,10
1,2,3,4,5,6,7,8,9,10
1,2,3,4,5,6,7,8,9,10
1,2,3,4,5,6,7,8,9,10
1,2,3,4,5,6,7,8,9,10
1,2,3,4,5,6,7,8,9,10
1,2,3,4,5,6,7,8,9,10
1,2,3,4,5,6,7,8,9,10
1,2,3,4,5,6,7,8,9,10
1,2,3,4,5,6,7,8,9,10
1,2,3,4,5,6,7,8,9,10
1,2,3,4,5,6,7,8,9,10
1,2,3,4,5,6,7,8,9,10
1,2,3,4,5,6,7,8,9,10
1,2,3,4,5,6,7,8,9,10
1,2,3,4,5,6,7,8,9,10
1,2,3,4,5,6,7,8,9,10
1,2,3,4,5,6,7,8,9,10
1,2,3,4,5,6,7,8,9,10
1,2,3,4,5,6,7,8,9,10
1,2,3,4,5,6,7,8,9,10
1,2,3,4,5,6,7,8,9,10
1,2,3,4,5,6,7,8,9,10
1,2,3,4,5,6,7,8,9,10
1,2,3,4,5,6,7,8,9,10
1,2,3,4,5,6,7,8,9,10
1,2,3,4,5,6,7,8,9,10
1,2,3,4,5,6,7,8,9,10
1,2,3,4,5,6,7,8,9,10
1,2,3,4,5,6,7,8,9,10
1,2,3,4,5,6,7,8,9,10
1,2,3,4,5,6,7,8,9,10
1,2,3,4,5,6,7,8,9,10
1,2,3,4,5,6,7,8,9,10
1,2,3,4,5,6,7,8,9,10
1,2,3,4,5,6,7,8,9,10
1,2,3,4,5,6,7,8,9,10
1,2,3,4,5,6,7,8,9,10
1,2,3,4,5,6,7,8,9,10
1,2,3,4,5,6,7,8,9,10
1,2,3,4,5,6,7,8,9,10
1,2,3,4,5,6,7,8,9,10
1,2,3,4,5,6,7,8,9,10
1,2,3,4,5,6,7,8,9,10
1,2,3,4,5,6,7,8,9,10
1,2,3,4,5,6,7,8,9,10
1,2,3,4,5,6,7,8,9,10
1,2,3,4,5,6,7,8,9,10
1,2,3,4,5,6,7,8,9,10
1,2,3,4,5,6,7,8,9,10
1,2,3,4,5,6,7,8,9,10
1,2,3,4,5,6,7,8,9,10
1,2,3,4,5,6,7,8,9,10
1,2,3,4,5,6,7,8,9,10
1,2,3,4,5,6,7,8,9,10
1,2,3,4,5,6,7,8,9,10
1,2,3,4,5,6,7,8,9,10
1,2,3,4,5,6,7,8,9,10
1,2,3,4,5,6,7,8,9,10
1,2,3,4,5,6,7,8,9,10
1,2,3,4,5,6,7,8,9,10
1,2,3,4,5,6,7,8,9,10
1,2,3,4,5,6,7,8,9,10
1,2,3,4,5,6,7,8,9,10
1,2,3,4,5,6,7,8,9,10
1,2,3,4,5,6,7,8,9,10
1,2,3,4,5,6,7,8,9,10
1,2,3,4,5,6,7,8,9,10
1,2,3,4,5,6,7,8,9,10
1,2,3,4,5,6,7,8,9,10
1,2,3,4,5,6,7,8,9,10
1,2,3,4,5,6,7,8,9,10
1,2,3,4,5,6,7,8,9,10
1,2,3,4,5,6,7,8,9,10
1,2,3,4,5,6,7,8,9,10
1,2,3,4,5,6,7,8,9,10
1,2,3,4,5,6,7,8,9,10
1,2,3,4,5,6,7,8,9,10
1,2,3,4,5,6,7,8,9,10
1,2,3,4,5,6,7,8,9,10
1,2,3,4,5,6,7,8,9,10
1,2,3,4,5,6,7,8,9,10
1,2,3,4,5,6,7,8,9,10
1,2,3,4,5,6,7,8,9,10
1,2,3,4,5,6,7,8,9,10
1,2,3,4,5,6,7,8,9,10
1,2,3,4,5,6,7,8,9,10
1,2,3,4,5,6,7,8,9,10
1,2,3,4,5,6,7,8,9,10
1,2,3,4,5,6,7,8,9,10
1,2,3,4,5,6,7,8,9,10
1,2,3,4,5,6,7,8,9,10
1,2,3,4,5,6,7,8,9,10
1,2,3,4,5,6,7,8,9,10
1,2,3,4,5,6,7,8,9,10
1,2,3,4,5,6,7,8,9,10
1,2,3,4,5,6,7,8,9,10
1,2,3,4,5,6,7,8,9,10
1,2,3,4,5,6,7,8,9,10
1,2,3,4,5,6,7,8,9,10
1,2,3,4,5,6,7,8,9,10
1,2,3,4,5,6,7,8,9,10
1,2,3,4,5,6,7,8,9,10
1,2,3,4,5,6,7,8,9,10
1,2,3,4,5,6,7,8,9,10
1,2,3,4,5,6,7,8,9,10
1,2,3,4,5,6,7,8,9,10
1,2,3,4,5,6,7,8,9,10
1,2,3,4,5,6,7,8,9,10
1,2,3,4,5,6,7,8,9,10
1,2,3,4,5,6,7,8,9,10
1,2,3,4,5,6,7,8,9,10
1,2,3,4,5,6,7,8,9,10
1,2,3,4,5,6,7,8,9,10
1,2,3,4,5,6,7,8,9,10
1,2,3,4,5,6,7,8,9,10
1,2,3,4,5,6,7,8,9,10
1,2,3,4,5,6,7,8,9,10
1,2,3,4,5,6,7,8,9,10
1,2,3,4,5,6,7,8,9,10
1,2,3,4,5,6,7,8,9,10
1,2,3,4,5,6,7,8,9,10
1,2,3,4,5,6,7,8,9,10
1,2,3,4,5,6,7,8,9,10
1,2,3,4,5,6,7,8,9,10
1,2,3,4,5,6,7,8,9,10
1,2,3,4,5,6,7,8,9,10
1,2,3,4,5,6,7,8,9,10
1,2,3,4,5,6,7,8,9,10
1,2,3,4,5,6,7,8,9,10
1,2,3,4,5,6,7,8,9,10
1,2,3,4,5,6,7,8,9,10
1,2,3,4,5,6,7,8,9,10
1,2,3,4,5,6,7,8,9,10
1,2,3,4,5,6,7,8,9,10
1,2,3,4,5,6,7,8,9,10
1,2,3,4,5,6,7,8,9,10
1,2,3,4,5,6,7,8,9,10
1,2,3,4,5,6,7,8,9,10
1,2,3,4,5,6,7,8,9,10
1,2,3,4,5,6,7,8,9,10
1,2,3,4,5,6,7,8,9,10
1,2,3,4,5,6,7,8,9,10
1,2,3,4,5,6,7,8,9,10
1,2,3,4,5,6,7,8,9,10
1,2,3,4,5,6,7,8,9,10
1,2,3,4,5,6,7,8,9,10
1,2,3,4,5,6,7,8,9,10
1,2,3,4,5,6,7,8,9,10
1,2,3,4,5,6,7,8,9,10
1,2,3,4,5,6,7,8,9,10
1,2,3,4,5,6,7,8,9,10
1,2,3,4,5,6,7,8,9,10
1,2,3,4,5,6,7,8,9,10
1,2,3,4,5,6,7,8,9,10
1,2,3,4,5,6,7,8,9,10
1,2,3,4,5,6,7,8,9,10
1,2,3,4,5,6,7,8,9,10
1,2,3,4,5,6,7,8,9,10
1,2,3,4,5,6,7,8,9,10
1,2,3,4,5,6,7,8,9,10
1,2,3,4,5,6,7,8,9,10
1,2,3,4,5,6,7,8,9,10
1,2,3,4,5,6,7,8,9,10
1,2,3,4,5,6,7,8,9,10
1,2,3,4,5,6,7,8,9,10
1,2,3,4,5,6,7,8,9,10
1,2,3,4,5,6,7,8,9,10
1,2,3,4,5,6,7,8,9,10
1,2,3,4,5,6,7,8,9,10
1,2,3,4,5,6,7,8,9,10
1,2,3,4,5,6,7,8,9,10
1,2,3,4,5,6,7,8,9,10
1,2,3,4,5,6,7,8,9,10
1,2,3,4,5,6,7,8,9,10
1,2,3,4,5,6,7,8,9,10
1,2,3,4,5,6,7,8,9,10
1,2,3,4,5,6,7,8,9,10
1,2,3,4,5,6,7,8,9,10
1,2,3,4,5,6,7,8,9,10
1,2,3,4,5,6,7,8,9,10
1,2,3,4,5,6,7,8,9,10
1,2,3,4,5,6,7,8,9,10
1,2,3,4,5,6,7,8,9,10
1,2,3,4,5,6,7,8,9,10
1,2,3,4,5,6,7,8,9,10
1,2,3,4,5,6,7,8,9,10
1,2,3,4,5,6,7,8,9,10
1,2,3,4,5,6,7,8,9,10
1,2,3,4,5,6,7,8,9,10
1,2,3,4,5,6,7,8,9,10
1,2,3,4,5,6,7,8,9,10
1,2,3,4,5,6,7,8,9,10
1,2,3,4,5,6,7,8,9,10
1,2,3,4,5,6,7,8,9,10
1,2,3,4,5,6,7,8,9,10
1,2,3,4,5,6,7,8,9,10
1,2,3,4,5,6,7,8,9,10
1,2,3,4,5,6,7,8,9,10
1,2,3,4,5,6,7,8,9,10
1,2,3,4,5,6,7,8,9,10
1,2,3,4,5,6,7,8,9,10
1,2,3,4,5,6,7,8,9,10
1,2,3,4,5,6,7,8,9,10
1,2,3,4,5,6,7,8,9,10
1,2,3,4,5,6,7,8,9,10
1,2,3,4,5,6,7,8,9,10
1,2,3,4,5,6,7,8,9,10
1,2,3,4,5,6,7,8,9,10
1,2,3,4,5,6,7,8,9,10
1,2,3,4,5,6,7,8,9,10
1,2,3,4,5,6,7,8,9,10
1,2,3,4,5,6,7,8,9,10
1,2,3,4,5,6,7,8,9,10
1,2,3,4,5,6,7,8,9,10
1,2,3,4,5,6,7,8,9,10
1,2,3,4,5,6,7,8,9,10
1,2,3,4,5,6,7,8,9,10
1,2,3,4,5,6,7,8,9,10
1,2,3,4,5,6,7,8,9,10
1,2,3,4,5,6,7,8,9,10
1,2,3,4,5,6,7,8,9,10
1,2,3,4,5,6,7,8,9,10
1,2,3,4,5,6,7,8,9,10
1,2,3,4,5,6,7,8,9,10
1,2,3,4,5,6,7,8,9,10
1,2,3,4,5,6,7,8,9,10
1,2,3,4,5,6,7,8,9,10
1,2,3,4,5,6,7,8,9,10
1,2,3,4,5,6,7,8,9,10
1,2,3,4,5,6,7,8,9,10
1,2,3,4,5,6,7,8,9,10
1,2,3,4,5,6,7,8,9,10
1,2,3,4,5,6,7,8,9,10
1,2,3,4,5,6,7,8,9,10
1,2,3,4,5,6,7,8,9,10
1,2,3,4,5,6,7,8,9,10
1,2,3,4,5,6,7,8,9,10
1,2,3,4,5,6,7,8,9,10
1,2,3,4,5,6,7,8,9,10
1,2,3,4,5,6,7,8,9,10
1,2,3,4,5,6,7,8,9,10
1,2,3,4,5,6,7,8,9,10
1,2,3,4,5,6,7,8,9,10
1,2,3,4,5,6,7,8,9,10
1,2,3,4,5,6,7,8,9,10
1,2,3,4,5,6,7,8,9,10
1,2,3,4,5,6,7,8,9,10
1,2,3,4,5,6,7,8,9,10
1,2,3,4,5,6,7,8,9,10
1,2,3,4,5,6,7,8,9,10
1,2,3,4,5,6,7,8,9,10
1,2,3,4,5,6,7,8,9,10
1,2,3,4,5,6,7,8,9,10
1,2,3,4,5,6,7,8,9,10
1,2,3,4,5,6,7,8,9,10
1,2,3,4,5,6,7,8,9,10
1,2,3,4,5,6,7,8,9,10
1,2,3,4,5,6,7,8,9,10
1,2,3,4,5,6,7,8,9,10
1,2,3,4,5,6,7,8,9,10
1,2,3,4,5,6,7,8,9,10
1,2,3,4,5,6,7,8,9,10
1,2,3,4,5,6,7,8,9,10
1,2,3,4,5,6,7,8,9,10
1,2,3,4,5,6,7,8,9,10
1,2,3,4,5,6,7,8,9,10
1,2,3,4,5,6,7,8,9,10
1,2,3,4,5,6,7,8,9,10
1,2,3,4,5,6,7,8,9,10
1,2,3,4,5,6,7,8,9,10
1,2,3,4,5,6,7,8,9,10
1,2,3,4,5,6,7,8,9,10
1,2,3,4,5,6,7,8,9,10
1,2,3,4,5,6,7,8,9,10
1,2,3,4,5,6,7,8,9,10
1,2,3,4,5,6,7,8,9,10
1,2,3,4,5,6,7,8,9,10
1,2,3,4,5,6,7,8,9,10
1,2,3,4,5,6,7,8,9,10
1,2,3,4,5,6,7,8,9,10
1,2,3,4,5,6,7,8,9,10
1,2,3,4,5,6,7,8,9,10
1,2,3,4,5,6,7,8,9,10
1,2,3,4,5,6,7,8,9,10
1,2,3,4,5,6,7,8,9,10
1,2,3,4,5,6,7,8,9,10
1,2,3,4,5,6,7,8,9,10
1,2,3,4,5,6,7,8,9,10
1,2,3,4,5,6,7,8,9,10
1,2,3,4,5,6,7,8,9,10
1,2,3,4,5,6,7,8,9,10
1,2,3,4,5,6,7,8,9,10
1,2,3,4,5,6,7,8,9,10
1,2,3,4,5,6,7,8,9,10
1,2,3,4,5,6,7,8,9,10
1,2,3,4,5,6,7,8,9,10
1,2,3,4,5,6,7,8,9,10
1,2,3,4,5,6,7,8,9,10
1,2,3,4,5,6,7,8,9,10
1,2,3,4,5,6,7,8,9,10
1,2,3,4,5,6,7,8,9,10
1,2,3,4,5,6,7,8,9,10
1,2,3,4,5,6,7,8,9,10
1,2,3,4,5,6,7,8,9,10
1,2,3,4,5,6,7,8,9,10
1,2,3,4,5,6,7,8,9,10
1,2,3,4,5,6,7,8,9,10
1,2,3,4,5,6,7,8,9,10
1,2,3,4,5,6,7,8,9,10
1,2,3,4,5,6,7,8,9,10
1,2,3,4,5,6,7,8,9,10
1,2,3,4,5,6,7,8,9,10
1,2,3,4,5,6,7,8,9,10
1,2,3,4,5,6,7,8,9,10
1,2,3,4,5,6,7,8,9,10
1,2,3,4,5,6,7,8,9,10
1,2,3,4,5,6,7,8,9,10
1,2,3,4,5,6,7,8,9,10
1,2,3,4,5,6,7,8,9,10
1,2,3,4,5,6,7,8,9,10
1,2,3,4,5,6,7,8,9,10
1,2,3,4,5,6,7,8,9,10
1,2,3,4,5,6,7,8,9,10
1,2,3,4,5,6,7,8,9,10
1,2,3,4,5,6,7,8,9,10
1,2,3,4,5,6,7,8,9,10
1,2,3,4,5,6,7,8,9,10
1,2,3,4,5,6,7,8,9,10
1,2,3,4,5,6,7,8,9,10
1,2,3,4,5,6,7,8,9,10
1,2,3,4,5,6,7,8,9,10
1,2,3,4,5,6,7,8,9,10
1,2,3,4,5,6,7,8,9,10
1,2,3,4,5,6,7,8,9,10
1,2,3,4,5,6,7,8,9,10
1,2,3,4,5,6,7,8,9,10
1,2,3,4,5,6,7,8,9,10
1,2,3,4,5,6,7,8,9,10
1,2,3,4,5,6,7,8,9,10
1,2,3,4,5,6,7,8,9,10
1,2,3,4,5,6,7,8,9,10
1,2,3,4,5,6,7,8,9,10
1,2,3,4,5,6,7,8,9,10
1,2,3,4,5,6,7,8,9,10
1,2,3,4,5,6,7,8,9,10
1,2,3,4,5,6,7,8,9,10
1,2,3,4,5,6,7,8,9,10
1,2,3,4,5,6,7,8,9,10
1,2,3,4,5,6,7,8,9,10
1,2,3,4,5,6,7,8,9,10
1,2,3,4,5,6,7,8,9,10
1,2,3,4,5,6,7,8,9,10
1,2,3,4,5,6,7,8,9,10
1,2,3,4,5,6,7,8,9,10
1,2,3,4,5,6,7,8,9,10
1,2,3,4,5,6,7,8,9,10
1,2,3,4,5,6,7,8,9,10
1,2,3,4,5,6,7,8,9,10
1,2,3,4,5,6,7,8,9,10
1,2,3,4,5,6,7,8,9,10
1,2,3,4,5,6,7,8,9,10
1,2,3,4,5,6,7,8,9,10
1,2,3,4,5,6,7,8,9,10
1,2,3,4,5,6,7,8,9,10
1,2,3,4,5,6,7,8,9,10
1,2,3,4,5,6,7,8,9,10
1,2,3,4,5,6,7,8,9,10
1,2,3,4,5,6,7,8,9,10
1,2,3,4,5,6,7,8,9,10
1,2,3,4,5,6,7,8,9,10
1,2,3,4,5,6,7,8,9,10
1,2,3,4,5,6,7,8,9,10
1,2,3,4,5,6,7,8,9,10
1,2,3,4,5,6,7,8,9,10
1,2,3,4,5,6,7,8,9,10
1,2,3,4,5,6,7,8,9,10
1,2,3,4,5,6,7,8,9,10
1,2,3,4,5,6,7,8,9,10
1,2,3,4,5,6,7,8,9,10
1,2,3,4,5,6,7,8,9,10
1,2,3,4,5,6,7,8,9,10
1,2,3,4,5,6,7,8,9,10
1,2,3,4,5,6,7,8,9,10
1,2,3,4,5,6,7,8,9,10
1,2,3,4,5,6,7,8,9,10
1,2,3,4,5,6,7,8,9,10
1,2,3,4,5,6,7,8,9,10
1,2,3,4,5,6,7,8,9,10
1,2,3,4,5,6,7,8,9,10
1,2,3,4,5,6,7,8,9,10
1,2,3,4,5,6,7,8,9,10
1,2,3,4,5,6,7,8,9,10
1,2,3,4,5,6,7,8,9,10
1,2,3,4,5,6,7,8,9,10
1,2,3,4,5,6,7,8,9,10
1,2,3,4,5,6,7,8,9,10
1,2,3,4,5,6,7,8,9,10
1,2,3,4,5,6,7,8,9,10
1,2,3,4,5,6,7,8,9,10
1,2,3,4,5,6,7,8,9,10
1,2,3,4,5,6,7,8,9,10
1,2,3,4,5,6,7,8,9,10
1,2,3,4,5,6,7,8,9,10
1,2,3,4,5,6,7,8,9,10
1,2,3,4,5,6,7,8,9,10
1,2,3,4,5,6,7,8,9,10
1,2,3,4,5,6,7,8,9,10
1,2,3,4,5,6,7,8,9,10
1,2,3,4,5,6,7,8,9,10
1,2,3,4,5,6,7,8,9,10
1,2,3,4,5,6,7,8,9,10
1,2,3,4,5,6,7,8,9,10
1,2,3,4,5,6,7,8,9,10
1,2,3,4,5,6,7,8,9,10
1,2,3,4,5,6,7,8,9,10
1,2,3,4,5,6,7,8,9,10
1,2,3,4,5,6,7,8,9,10
1,2,3,4,5,6,7,8,9,10
1,2,3,4,5,6,7,8,9,10
1,2,3,4,5,6,7,8,9,10
1,2,3,4,5,6,7,8,9,10
1,2,3,4,5,6,7,8,9,10
1,2,3,4,5,6,7,8,9,10
1,2,3,4,5,6,7,8,9,10
1,2,3,4,5,6,7,8,9,10
1,2,3,4,5,6,7,8,9,10
1,2,3,4,5,6,7,8,9,10
1,2,3,4,5,6,7,8,9,10
1,2,3,4,5,6,7,8,9,10
1,2,3,4,5,6,7,8,9,10
1,2,3,4,5,6,7,8,9,10
1,2,3,4,5,6,7,8,9,10
1,2,3,4,5,6,7,8,9,10
1,2,3,4,5,6,7,8,9,10
1,2,3,4,5,6,7,8,9,10
1,2,3,4,5,6,7,8,9,10
1,2,3,4,5,6,7,8,9,10
1,2,3,4,5,6,7,8,9,10
1,2,3,4,5,6,7,8,9,10
1,2,3,4,5,6,7,8,9,10
1,2,3,4,5,6,7,8,9,10
1,2,3,4,5,6,7,8,9,10
1,2,3,4,5,6,7,8,9,10
1,2,3,4,5,6,7,8,9,10
1,2,3,4,5,6,7,8,9,10
1,2,3,4,5,6,7,8,9,10
1,2,3,4,5,6,7,8,9,10
1,2,3,4,5,6,7,8,9,10
1,2,3,4,5,6,7,8,9,10
1,2,3,4,5,6,7,8,9,10
1,2,3,4,5,6,7,8,9,10
1,2,3,4,5,6,7,8,9,10
1,2,3,4,5,6,7,8,9,10
1,2,3,4,5,6,7,8,9,10
1,2,3,4,5,6,7,8,9,10
1,2,3,4,5,6,7,8,9,10
1,2,3,4,5,6,7,8,9,10
1,2,3,4,5,6,7,8,9,10
1,2,3,4,5,6,7,8,9,10
1,2,3,4,5,6,7,8,9,10
1,2,3,4,5,6,7,8,9,10
1,2,3,4,5,6,7,8,9,10
1,2,3,4,5,6,7,8,9,10
1,2,3,4,5,6,7,8,9,10
1,2,3,4,5,6,7,8,9,10
1,2,3,4,5,6,7,8,9,10
1,2,3,4,5,6,7,8,9,10
1,2,3,4,5,6,7,8,9,10
1,2,3,4,5,6,7,8,9,10
1,2,3,4,5,6,7,8,9,10
1,2,3,4,5,6,7,8,9,10
1,2,3,4,5,6,7,8,9,10
1,2,3,4,5,6,7,8,9,10
1,2,3,4,5,6,7,8,9,10
1,2,3,4,5,6,7,8,9,10
1,2,3,4,5,6,7,8,9,10
1,2,3,4,5,6,7,8,9,10
1,2,3,4,5,6,7,8,9,10
1,2,3,4,5,6,7,8,9,10
1,2,3,4,5,6,7,8,9,10
1,2,3,4,5,6,7,8,9,10
1,2,3,4,5,6,7,8,9,10
1,2,3,4,5,6,7,8,9,10
1,2,3,4,5,6,7,8,9,10
1,2,3,4,5,6,7,8,9,10
1,2,3,4,5,6,7,8,9,10
1,2,3,4,5,6,7,8,9,10
1,2,3,4,5,6,7,8,9,10
1,2,3,4,5,6,7,8,9,10
1,2,3,4,5,6,7,8,9,10
1,2,3,4,5,6,7,8,9,10
1,2,3,4,5,6,7,8,9,10
1,2,3,4,5,6,7,8,9,10
1,2,3,4,5,6,7,8,9,10
1,2,3,4,5,6,7,8,9,10
1,2,3,4,5,6,7,8,9,10
1,2,3,4,5,6,7,8,9,10
1,2,3,4,5,6,7,8,9,10
1,2,3,4,5,6,7,8,9,10
1,2,3,4,5,6,7,8,9,10
1,2,3,4,5,6,7,8,9,10
1,2,3,4,5,6,7,8,9,10
1,2,3,4,5,6,7,8,9,10
1,2,3,4,5,6,7,8,9,10
1,2,3,4,5,6,7,8,9,10
1,2,3,4,5,6,7,8,9,10
1,2,3,4,5,6,7,8,9,10
1,2,3,4,5,6,7,8,9,10
1,2,3,4,5,6,7,8,9,10
1,2,3,4,5,6,7,8,9,10
1,2,3,4,5,6,7,8,9,10
1,2,3,4,5,6,7,8,9,10
1,2,3,4,5,6,7,8,9,10
1,2,3,4,5,6,7,8,9,10
1,2,3,4,5,6,7,8,9,10
1,2,3,4,5,6,7,8,9,10
1,2,3,4,5,6,7,8,9,10
1,2,3,4,5,6,7,8,9,10
1,2,3,4,5,6,7,8,9,10
1,2,3,4,5,6,7,8,9,10
1,2,3,4,5,6,7,8,9,10
1,2,3,4,5,6,7,8,9,10
1,2,3,4,5,6,7,8,9,10
1,2,3,4,5,6,7,8,9,10
1,2,3,4,5,6,7,8,9,10
1,2,3,4,5,6,7,8,9,10
1,2,3,4,5,6,7,8,9,10
1,2,3,4,5,6,7,8,9,10
1,2,3,4,5,6,7,8,9,10
1,2,3,4,5,6,7,8,9,10
1,2,3,4,5,6,7,8,9,10
1,2,3,4,5,6,7,8,9,10
1,2,3,4,5,6,7,8,9,10
1,2,3,4,5,6,7,8,9,10
1,2,3,4,5,6,7,8,9,10
1,2,3,4,5,6,7,8,9,10
1,2,3,4,5,6,7,8,9,10
1,2,3,4,5,6,7,8,9,10
1,2,3,4,5,6,7,8,9,10
1,2,3,4,5,6,7,8,9,10
1,2,3,4,5,6,7,8,9,10
1,2,3,4,5,6,7,8,9,10
1,2,3,4,5,6,7,8,9,10
1,2,3,4,5,6,7,8,9,10
1,2,3,4,5,6,7,8,9,10
1,2,3,4,5,6,7,8,9,10
1,2,3,4,5,6,7,8,9,10
1,2,3,4,5,6,7,8,9,10
1,2,3,4,5,6,7,8,9,10
1,2,3,4,5,6,7,8,9,10
1,2,3,4,5,6,7,8,9,10
1,2,3,4,5,6,7,8,9,10
1,2,3,4,5,6,7,8,9,10
1,2,3,4,5,6,7,8,9,10
1,2,3,4,5,6,7,8,9,10
1,2,3,4,5,6,7,8,9,10
1,2,3,4,5,6,7,8,9,10
1,2,3,4,5,6,7,8,9,10
1,2,3,4,5,6,7,8,9,10
1,2,3,4,5,6,7,8,9,10
1,2,3,4,5,6,7,8,9,10
1,2,3,4,5,6,7,8,9,10
1,2,3,4,5,6,7,8,9,10
1,2,3,4,5,6,7,8,9,10
1,2,3,4,5,6,7,8,9,10
1,2,3,4,5,6,7,8,9,10
1,2,3,4,5,6,7,8,9,10
1,2,3,4,5,6,7,8,9,10
1,2,3,4,5,6,7,8,9,10
1,2,3,4,5,6,7,8,9,10
1,2,3,4,5,6,7,8,9,10
1,2,3,4,5,6,7,8,9,10
1,2,3,4,5,6,7,8,9,10
1,2,3,4,5,6,7,8,9,10
1,2,3,4,5,6,7,8,9,10
1,2,3,4,5,6,7,8,9,10
1,2,3,4,5,6,7,8,9,10
1,2,3,4,5,6,7,8,9,10
1,2,3,4,5,6,7,8,9,10
1,2,3,4,5,6,7,8,9,10
1,2,3,4,5,6,7,8,9,10
1,2,3,4,5,6,7,8,9,10
1,2,3,4,5,6,7,8,9,10
1,2,3,4,5,6,7,8,9,10
1,2,3,4,5,6,7,8,9,10
1,2,3,4,5,6,7,8,9,10
1,2,3,4,5,6,7,8,9,10
1,2,3,4,5,6,7,8,9,10
1,2,3,4,5,6,7,8,9,10
1,2,3,4,5,6,7,8,9,10
1,2,3,4,5,6,7,8,9,10
1,2,3,4,5,6,7,8,9,10
1,2,3,4,5,6,7,8,9,10
1,2,3,4,5,6,7,8,9,10
1,2,3,4,5,6,7,8,9,10
1,2,3,4,5,6,7,8,9,10
1,2,3,4,5,6,7,8,9,10
1,2,3,4,5,6,7,8,9,10
1,2,3,4,5,6,7,8,9,10
1,2,3,4,5,6,7,8,9,10
1,2,3,4,5,6,7,8,9,10
1,2,3,4,5,6,7,8,9,10
1,2,3,4,5,6,7,8,9,10
1,2,3,4,5,6,7,8,9,10
1,2,3,4,5,6,7,8,9,10
1,2,3,4,5,6,7,8,9,10
1,2,3,4,5,6,7,8,9,10
1,2,3,4,5,6,7,8,9,10
1,2,3,4,5,6,7,8,9,10
1,2,3,4,5,6,7,8,9,10
1,2,3,4,5,6,7,8,9,10
1,2,3,4,5,6,7,8,9,10
1,2,3,4,5,6,7,8,9,10
1,2,3,4,5,6,7,8,9,10
1,2,3,4,5,6,7,8,9,10
1,2,3,4,5,6,7,8,9,10
1,2,3,4,5,6,7,8,9,10
1,2,3,4,5,6,7,8,9,10
1,2,3,4,5,6,7,8,9,10
1,2,3,4,5,6,7,8,9,10
1,2,3,4,5,6,7,8,9,10
1,2,3,4,5,6,7,8,9,10
1,2,3,4,5,6,7,8,9,10
1,2,3,4,5,6,7,8,9,10
1,2,3,4,5,6,7,8,9,10
1,2,3,4,5,6,7,8,9,10
1,2,3,4,5,6,7,8,9,10
1,2,3,4,5,6,7,8,9,10
1,2,3,4,5,6,7,8,9,10
1,2,3,4,5,6,7,8,9,10
1,2,3,4,5,6,7,8,9,10
1,2,3,4,5,6,7,8,9,10
1,2,3,4,5,6,7,8,9,10
1,2,3,4,5,6,7,8,9,10
1,2,3,4,5,6,7,8,9,10
1,2,3,4,5,6,7,8,9,10
1,2,3,4,5,6,7,8,9,10
1,2,3,4,5,6,7,8,9,10
1,2,3,4,5,6,7,8,9,10
1,2,3,4,5,6,7,8,9,10
1,2,3,4,5,6,7,8,9,10
1,2,3,4,5,6,7,8,9,10
1,2,3,4,5,6,7,8,9,10
1,2,3,4,5,6,7,8,9,10
1,2,3,4,5,6,7,8,9,10
1,2,3,4,5,6,7,8,9,10
1,2,3,4,5,6,7,8,9,10
1,2,3,4,5,6,7,8,9,10
1,2,3,4,5,6,7,8,9,10
1,2,3,4,5,6,7,8,9,10
1,2,3,4,5,6,7,8,9,10
1,2,3,4,5,6,7,8,9,10
1,2,3,4,5,6,7,8,9,10
1,2,3,4,5,6,7,8,9,10
1,2,3,4,5,6,7,8,9,10
1,2,3,4,5,6,7,8,9,10
1,2,3,4,5,6,7,8,9,10
1,2,3,4,5,6,7,8,9,10
1,2,3,4,5,6,7,8,9,10
1,2,3,4,5,6,7,8,9,10
1,2,3,4,5,6,7,8,9,10
1,2,3,4,5,6,7,8,9,10
1,2,3,4,5,6,7,8,9,10
1,2,3,4,5,6,7,8,9,10
1,2,3,4,5,6,7,8,9,10
1,2,3,4,5,6,7,8,9,10
1,2,3,4,5,6,7,8,9,10
1,2,3,4,5,6,7,8,9,10
1,2,3,4,5,6,7,8,9,10
1,2,3,4,5,6,7,8,9,10
1,2,3,4,5,6,7,8,9,10
1,2,3,4,5,6,7,8,9,10
1,2,3,4,5,6,7,8,9,10
1,2,3,4,5,6,7,8,9,10
1,2,3,4,5,6,7,8,9,10
1,2,3,4,5,6,7,8,9,10
1,2,3,4,5,6,7,8,9,10
1,2,3,4,5,6,7,8,9,10
1,2,3,4,5,6,7,8,9,10
1,2,3,4,5,6,7,8,9,10
1,2,3,4,5,6,7,8,9,10
1,2,3,4,5,6,7,8,9,10
1,2,3,4,5,6,7,8,9,10
1,2,3,4,5,6,7,8,9,10
1,2,3,4,5,6,7,8,9,10
1,2,3,4,5,6,7,8,9,10
1,2,3,4,5,6,7,8,9,10
1,2,3,4,5,6,7,8,9,10
1,2,3,4,5,6,7,8,9,10
1,2,3,4,5,6,7,8,9,10
1,2,3,4,5,6,7,8,9,10
1,2,3,4,5,6,7,8,9,10
1,2,3,4,5,6,7,8,9,10
1,2,3,4,5,6,7,8,9,10
1,2,3,4,5,6,7,8,9,10
1,2,3,4,5,6,7,8,9,10
1,2,3,4,5,6,7,8,9,10
1,2,3,4,5,6,7,8,9,10
1,2,3,4,5,6,7,8,9,10
1,2,3,4,5,6,7,8,9,10
1,2,3,4,5,6,7,8,9,10
1,2,3,4,5,6,7,8,9,10
1,2,3,4,5,6,7,8,9,10
1,2,3,4,5,6,7,8,9,10
1,2,3,4,5,6,7,8,9,10
1,2,3,4,5,6,7,8,9,10
1,2,3,4,5,6,7,8,9,10
1,2,3,4,5,6,7,8,9,10
1,2,3,4,5,6,7,8,9,10
1,2,3,4,5,6,7,8,9,10
1,2,3,4,5,6,7,8,9,10
1,2,3,4,5,6,7,8,9,10
1,2,3,4,5,6,7,8,9,10
1,2,3,4,5,6,7,8,9,10
1,2,3,4,5,6,7,8,9,10
1,2,3,4,5,6,7,8,9,10
1,2,3,4,5,6,7,8,9,10
1,2,3,4,5,6,7,8,9,10
1,2,3,4,5,6,7,8,9,10
1,2,3,4,5,6,7,8,9,10
1,2,3,4,5,6,7,8,9,10
1,2,3,4,5,6,7,8,9,10
1,2,3,4,5,6,7,8,9,10
1,2,3,4,5,6,7,8,9,10
1,2,3,4,5,6,7,8,9,10
1,2,3,4,5,6,7,8,9,10
1,2,3,4,5,6,7,8,9,10
1,2,3,4,5,6,7,8,9,10
1,2,3,4,5,6,7,8,9,10
1,2,3,4,5,6,7,8,9,10
1,2,3,4,5,6,7,8,9,10
1,2,3,4,5,6,7,8,9,10
1,2,3,4,5,6,7,8,9,10
1,2,3,4,5,6,7,8,9,10
1,2,3,4,5,6,7,8,9,10
1,2,3,4,5,6,7,8,9,10
1,2,3,4,5,6,7,8,9,10
1,2,3,4,5,6,7,8,9,10
1,2,3,4,5,6,7,8,9,10
1,2,3,4,5,6,7,8,9,10
1,2,3,4,5,6,7,8,9,10
1,2,3,4,5,6,7,8,9,10
1,2,3,4,5,6,7,8,9,10
1,2,3,4,5,6,7,8,9,10
1,2,3,4,5,6,7,8,9,10
1,2,3,4,5,6,7,8,9,10
1,2,3,4,5,6,7,8,9,10
1,2,3,4,5,6,7,8,9,10
1,2,3,4,5,6,7,8,9,10
1,2,3,4,5,6,7,8,9,10
1,2,3,4,5,6,7,8,9,10
1,2,3,4,5,6,7,8,9,10
1,2,3,4,5,6,7,8,9,10
1,2,3,4,5,6,7,8,9,10
1,2,3,4,5,6,7,8,9,10
1,2,3,4,5,6,7,8,9,10
1,2,3,4,5,6,7,8,9,10
1,2,3,4,5,6,7,8,9,10
1,2,3,4,5,6,7,8,9,10
1,2,3,4,5,6,7,8,9,10
1,2,3,4,5,6,7,8,9,10
1,2,3,4,5,6,7,8,9,10
1,2,3,4,5,6,7,8,9,10
1,2,3,4,5,6,7,8,9,10
1,2,3,4,5,6,7,8,9,10
1,2,3,4,5,6,7,8,9,10
1,2,3,4,5,6,7,8,9,10
1,2,3,4,5,6,7,8,9,10
1,2,3,4,5,6,7,8,9,10
1,2,3,4,5,6,7,8,9,10
1,2,3,4,5,6,7,8,9,10
1,2,3,4,5,6,7,8,9,10
1,2,3,4,5,6,7,8,9,10
1,2,3,4,5,6,7,8,9,10
1,2,3,4,5,6,7,8,9,10
1,2,3,4,5,6,7,8,9,10
1,2,3,4,5,6,7,8,9,10
1,2,3,4,5,6,7,8,9,10
1,2,3,4,5,6,7,8,9,10
1,2,3,4,5,6,7,8,9,10
1,2,3,4,5,6,7,8,9,10
1,2,3,4,5,6,7,8,9,10
1,2,3,4,5,6,7,8,9,10
1,2,3,4,5,6,7,8,9,10
1,2,3,4,5,6,7,8,9,10
1,2,3,4,5,6,7,8,9,10
1,2,3,4,5,6,7,8,9,10
1,2,3,4,5,6,7,8,9,10
1,2,3,4,5,6,7,8,9,10
1,2,3,4,5,6,7,8,9,10
1,2,3,4,5,6,7,8,9,10
1,2,3,4,5,6,7,8,9,10
1,2,3,4,5,6,7,8,9,10
1,2,3,4,5,6,7,8,9,10
1,2,3,4,5,6,7,8,9,10
1,2,3,4,5,6,7,8,9,10
1,2,3,4,5,6,7,8,9,10
1,2,3,4,5,6,7,8,9,10
1,2,3,4,5,6,7,8,9,10
1,2,3,4,5,6,7,8,9,10
1,2,3,4,5,6,7,8,9,10
1,2,3,4,5,6,7,8,9,10
1,2,3,4,5,6,7,8,9,10
1,2,3,4,5,6,7,8,9,10
1,2,3,4,5,6,7,8,9,10
1,2,3,4,5,6,7,8,9,10
1,2,3,4,5,6,7,8,9,10
1,2,3,4,5,6,7,8,9,10
1,2,3,4,5,6,7,8,9,10
1,2,3,4,5,6,7,8,9,10
1,2,3,4,5,6,7,8,9,10
1,2,3,4,5,6,7,8,9,10
1,2,3,4,5,6,7,8,9,10
1,2,3,4,5,6,7,8,9,10
1,2,3,4,5,6,7,8,9,10
1,2,3,4,5,6,7,8,9,10
1,2,3,4,5,6,7,8,9,10
1,2,3,4,5,6,7,8,9,10
1,2,3,4,5,6,7,8,9,10
1,2,3,4,5,6,7,8,9,10
1,2,3,4,5,6,7,8,9,10
1,2,3,4,5,6,7,8,9,10
1,2,3,4,5,6,7,8,9,10
1,2,3,4,5,6,7,8,9,10
1,2,3,4,5,6,7,8,9,10
1,2,3,4,5,6,7,8,9,10
1,2,3,4,5,6,7,8,9,10
1,2,3,4,5,6,7,8,9,10
1,2,3,4,5,6,7,8,9,10
1,2,3,4,5,6,7,8,9,10
1,2,3,4,5,6,7,8,9,10
1,2,3,4,5,6,7,8,9,10
1,2,3,4,5,6,7,8,9,10
1,2,3,4,5,6,7,8,9,10
1,2,3,4,5,6,7,8,9,10
1,2,3,4,5,6,7,8,9,10
1,2,3,4,5,6,7,8,9,10
1,2,3,4,5,6,7,8,9,10
1,2,3,4,5,6,7,8,9,10
1,2,3,4,5,6,7,8,9,10
1,2,3,4,5,6,7,8,9,10
1,2,3,4,5,6,7,8,9,10
1,2,3,4,5,6,7,8,9,10
1,2,3,4,5,6,7,8,9,10
1,2,3,4,5,6,7,8,9,10
1,2,3,4,5,6,7,8,9,10
1,2,3,4,5,6,7,8,9,10
1,2,3,4,5,6,7,8,9,10
1,2,3,4,5,6,7,8,9,10
1,2,3,4,5,6,7,8,9,10
1,2,3,4,5,6,7,8,9,10
1,2,3,4,5,6,7,8,9,10
1,2,3,4,5,6,7,8,9,10
1,2,3,4,5,6,7,8,9,10
1,2,3,4,5,6,7,8,9,10
1,2,3,4,5,6,7,8,9,10
1,2,3,4,5,6,7,8,9,10
1,2,3,4,5,6,7,8,9,10
1,2,3,4,5,6,7,8,9,10
1,2,3,4,5,6,7,8,9,10
1,2,3,4,5,6,7,8,9,10
1,2,3,4,5,6,7,8,9,10
1,2,3,4,5,6,7,8,9,10
1,2,3,4,5,6,7,8,9,10
1,2,3,4,5,6,7,8,9,10
1,2,3,4,5,6,7,8,9,10
1,2,3,4,5,6,7,8,9,10
1,2,3,4,5,6,7,8,9,10
1,2,3,4,5,6,7,8,9,10
1,2,3,4,5,6,7,8,9,10
1,2,3,4,5,6,7,8,9,10
1,2,3,4,5,6,7,8,9,10
1,2,3,4,5,6,7,8,9,10
1,2,3,4,5,6,7,8,9,10
1,2,3,4,5,6,7,8,9,10
1,2,3,4,5,6,7,8,9,10
1,2,3,4,5,6,7,8,9,10
1,2,3,4,5,6,7,8,9,10
1,2,3,4,5,6,7,8,9,10
1,2,3,4,5,6,7,8,9,10
1,2,3,4,5,6,7,8,9,10
1,2,3,4,5,6,7,8,9,10
1,2,3,4,5,6,7,8,9,10
1,2,3,4,5,6,7,8,9,10
1,2,3,4,5,6,7,8,9,10
1,2,3,4,5,6,7,8,9,10
1,2,3,4,5,6,7,8,9,10
1,2,3,4,5,6,7,8,9,10
1,2,3,4,5,6,7,8,9,10
1,2,3,4,5,6,7,8,9,10
1,2,3,4,5,6,7,8,9,10
1,2,3,4,5,6,7,8,9,10
1,2,3,4,5,6,7,8,9,10
1,2,3,4,5,6,7,8,9,10
1,2,3,4,5,6,7,8,9,10
1,2,3,4,5,6,7,8,9,10
1,2,3,4,5,6,7,8,9,10
1,2,3,4,5,6,7,8,9,10
1,2,3,4,5,6,7,8,9,10
1,2,3,4,5,6,7,8,9,10
1,2,3,4,5,6,7,8,9,10
1,2,3,4,5,6,7,8,9,10
1,2,3,4,5,6,7,8,9,10
1,2,3,4,5,6,7,8,9,10
1,2,3,4,5,6,7,8,9,10
1,2,3,4,5,6,7,8,9,10
1,2,3,4,5,6,7,8,9,10
1,2,3,4,5,6,7,8,9,10
1,2,3,4,5,6,7,8,9,10
1,2,3,4,5,6,7,8,9,10
1,2,3,4,5,6,7,8,9,10
1,2,3,4,5,6,7,8,9,10
1,2,3,4,5,6,7,8,9,10
1,2,3,4,5,6,7,8,9,10
1,2,3,4,5,6,7,8,9,10
1,2,3,4,5,6,7,8,9,10
1,2,3,4,5,6,7,8,9,10
1,2,3,4,5,6,7,8,9,10
1,2,3,4,5,6,7,8,9,10
1,2,3,4,5,6,7,8,9,10
1,2,3,4,5,6,7,8,9,10
1,2,3,4,5,6,7,8,9,10
1,2,3,4,5,6,7,8,9,10
1,2,3,4,5,6,7,8,9,10
1,2,3,4,5,6,7,8,9,10
1,2,3,4,5,6,7,8,9,10
1,2,3,4,5,6,7,8,9,10
1,2,3,4,5,6,7,8,9,10
1,2,3,4,5,6,7,8,9,10
1,2,3,4,5,6,7,8,9,10
1,2,3,4,5,6,7,8,9,10
1,2,3,4,5,6,7,8,9,10
1,2,3,4,5,6,7,8,9,10
1,2,3,4,5,6,7,8,9,10
1,2,3,4,5,6,7,8,9,10
1,2,3,4,5,6,7,8,9,10
1,2,3,4,5,6,7,8,9,10
1,2,3,4,5,6,7,8,9,10
1,2,3,4,5,6,7,8,9,10
1,2,3,4,5,6,7,8,9,10
1,2,3,4,5,6,7,8,9,10
1,2,3,4,5,6,7,8,9,10
1,2,3,4,5,6,7,8,9,10
1,2,3,4,5,6,7,8,9,10
1,2,3,4,5,6,7,8,9,10
1,2,3,4,5,6,7,8,9,10
1,2,3,4,5,6,7,8,9,10
1,2,3,4,5,6,7,8,9,10
1,2,3,4,5,6,7,8,9,10
1,2,3,4,5,6,7,8,9,10
1,2,3,4,5,6,7,8,9,10
1,2,3,4,5,6,7,8,9,10
1,2,3,4,5,6,7,8,9,10
1,2,3,4,5,6,7,8,9,10
1,2,3,4,5,6,7,8,9,10
1,2,3,4,5,6,7,8,9,10
1,2,3,4,5,6,7,8,9,10
1,2,3,4,5,6,7,8,9,10
1,2,3,4,5,6,7,8,9,10
1,2,3,4,5,6,7,8,9,10
1,2,3,4,5,6,7,8,9,10
1,2,3,4,5,6,7,8,9,10
1,2,3,4,5,6,7,8,9,10
1,2,3,4,5,6,7,8,9,10
1,2,3,4,5,6,7,8,9,10
1,2,3,4,5,6,7,8,9,10
1,2,3,4,5,6,7,8,9,10
1,2,3,4,5,6,7,8,9,10
1,2,3,4,5,6,7,8,9,10
1,2,3,4,5,6,7,8,9,10
1,2,3,4,5,6,7,8,9,10
1,2,3,4,5,6,7,8,9,10
1,2,3,4,5,6,7,8,9,10
1,2,3,4,5,6,7,8,9,10
1,2,3,4,5,6,7,8,9,10
1,2,3,4,5,6,7,8,9,10
1,2,3,4,5,6,7,8,9,10
1,2,3,4,5,6,7,8,9,10
1,2,3,4,5,6,7,8,9,10
1,2,3,4,5,6,7,8,9,10
1,2,3,4,5,6,7,8,9,10
1,2,3,4,5,6,7,8,9,10
1,2,3,4,5,6,7,8,9,10
1,2,3,4,5,6,7,8,9,10
1,2,3,4,5,6,7,8,9,10
1,2,3,4,5,6,7,8,9,10
1,2,3,4,5,6,7,8,9,10
1,2,3,4,5,6,7,8,9,10
1,2,3,4,5,6,7,8,9,10
1,2,3,4,5,6,7,8,9,10
1,2,3,4,5,6,7,8,9,10
1,2,3,4,5,6,7,8,9,10
1,2,3,4,5,6,7,8,9,10
1,2,3,4,5,6,7,8,9,10
1,2,3,4,5,6,7,8,9,10
1,2,3,4,5,6,7,8,9,10
1,2,3,4,5,6,7,8,9,10
1,2,3,4,5,6,7,8,9,10
1,2,3,4,5,6,7,8,9,10
1,2,3,4,5,6,7,8,9,10
1,2,3,4,5,6,7,8,9,10
1,2,3,4,5,6,7,8,9,10
1,2,3,4,5,6,7,8,9,10
1,2,3,4,5,6,7,8,9,10
1,2,3,4,5,6,7,8,9,10
1,2,3,4,5,6,7,8,9,10
1,2,3,4,5,6,7,8,9,10
1,2,3,4,5,6,7,8,9,10
1,2,3,4,5,6,7,8,9,10
1,2,3,4,5,6,7,8,9,10
1,2,3,4,5,6,7,8,9,10
1,2,3,4,5,6,7,8,9,10
1,2,3,4,5,6,7,8,9,10
1,2,3,4,5,6,7,8,9,10
1,2,3,4,5,6,7,8,9,10
1,2,3,4,5,6,7,8,9,10
1,2,3,4,5,6,7,8,9,10
1,2,3,4,5,6,7,8,9,10
1,2,3,4,5,6,7,8,9,10
1,2,3,4,5,6,7,8,9,10
1,2,3,4,5,6,7,8,9,10
1,2,3,4,5,6,7,8,9,10
1,2,3,4,5,6,7,8,9,10
1,2,3,4,5,6,7,8,9,10
1,2,3,4,5,6,7,8,9,10
1,2,3,4,5,6,7,8,9,10
1,2,3,4,5,6,7,8,9,10
1,2,3,4,5,6,7,8,9,10
1,2,3,4,5,6,7,8,9,10
1,2,3,4,5,6,7,8,9,10
1,2,3,4,5,6,7,8,9,10
1,2,3,4,5,6,7,8,9,10
1,2,3,4,5,6,7,8,9,10
1,2,3,4,5,6,7,8,9,10
1,2,3,4,5,6,7,8,9,10
1,2,3,4,5,6,7,8,9,10
1,2,3,4,5,6,7,8,9,10
1,2,3,4,5,6,7,8,9,10
1,2,3,4,5,6,7,8,9,10
1,2,3,4,5,6,7,8,9,10
1,2,3,4,5,6,7,8,9,10
1,2,3,4,5,6,7,8,9,10
1,2,3,4,5,6,7,8,9,10
1,2,3,4,5,6,7,8,9,10
1,2,3,4,5,6,7,8,9,10
1,2,3,4,5,6,7,8,9,10
1,2,3,4,5,6,7,8,9,10
1,2,3,4,5,6,7,8,9,10
1,2,3,4,5,6,7,8,9,10
1,2,3,4,5,6,7,8,9,10
1,2,3,4,5,6,7,8,9,10
1,2,3,4,5,6,7,8,9,10
1,2,3,4,5,6,7,8,9,10
1,2,3,4,5,6,7,8,9,10
1,2,3,4,5,6,7,8,9,10
1,2,3,4,5,6,7,8,9,10
1,2,3,4,5,6,7,8,9,10
1,2,3,4,5,6,7,8,9,10
1,2,3,4,5,6,7,8,9,10
1,2,3,4,5,6,7,8,9,10
1,2,3,4,5,6,7,8,9,10
1,2,3,4,5,6,7,8,9,10
1,2,3,4,5,6,7,8,9,10
1,2,3,4,5,6,7,8,9,10
1,2,3,4,5,6,7,8,9,10
1,2,3,4,5,6,7,8,9,10
1,2,3,4,5,6,7,8,9,10
1,2,3,4,5,6,7,8,9,10
1,2,3,4,5,6,7,8,9,10
1,2,3,4,5,6,7,8,9,10
1,2,3,4,5,6,7,8,9,10
1,2,3,4,5,6,7,8,9,10
1,2,3,4,5,6,7,8,9,10
1,2,3,4,5,6,7,8,9,10
1,2,3,4,5,6,7,8,9,10
1,2,3,4,5,6,7,8,9,10
1,2,3,4,5,6,7,8,9,10
1,2,3,4,5,6,7,8,9,10
1,2,3,4,5,6,7,8,9,10
1,2,3,4,5,6,7,8,9,10
1,2,3,4,5,6,7,8,9,10
1,2,3,4,5,6,7,8,9,10
1,2,3,4,5,6,7,8,9,10
1,2,3,4,5,6,7,8,9,10
1,2,3,4,5,6,7,8,9,10
1,2,3,4,5,6,7,8,9,10
1,2,3,4,5,6,7,8,9,10
1,2,3,4,5,6,7,8,9,10
1,2,3,4,5,6,7,8,9,10
1,2,3,4,5,6,7,8,9,10
1,2,3,4,5,6,7,8,9,10
1,2,3,4,5,6,7,8,9,10
1,2,3,4,5,6,7,8,9,10
1,2,3,4,5,6,7,8,9,10
1,2,3,4,5,6,7,8,9,10
1,2,3,4,5,6,7,8,9,10
1,2,3,4,5,6,7,8,9,10
1,2,3,4,5,6,7,8,9,10
1,2,3,4,5,6,7,8,9,10
1,2,3,4,5,6,7,8,9,10
1,2,3,4,5,6,7,8,9,10
1,2,3,4,5,6,7,8,9,10
1,2,3,4,5,6,7,8,9,10
1,2,3,4,5,6,7,8,9,10
1,2,3,4,5,6,7,8,9,10
1,2,3,4,5,6,7,8,9,10
1,2,3,4,5,6,7,8,9,10
1,2,3,4,5,6,7,8,9,10
1,2,3,4,5,6,7,8,9,10
1,2,3,4,5,6,7,8,9,10
1,2,3,4,5,6,7,8,9,10
1,2,3,4,5,6,7,8,9,10
1,2,3,4,5,6,7,8,9,10
1,2,3,4,5,6,7,8,9,10
1,2,3,4,5,6,7,8,9,10
1,2,3,4,5,6,7,8,9,10
1,2,3,4,5,6,7,8,9,10
1,2,3,4,5,6,7,8,9,10
1,2,3,4,5,6,7,8,9,10
1,2,3,4,5,6,7,8,9,10
1,2,3,4,5,6,7,8,9,10
1,2,3,4,5,6,7,8,9,10
1,2,3,4,5,6,7,8,9,10
1,2,3,4,5,6,7,8,9,10
1,2,3,4,5,6,7,8,9,10
1,2,3,4,5,6,7,8,9,10
1,2,3,4,5,6,7,8,9,10
1,2,3,4,5,6,7,8,9,10
1,2,3,4,5,6,7,8,9,10
1,2,3,4,5,6,7,8,9,10
1,2,3,4,5,6,7,8,9,10
1,2,3,4,5,6,7,8,9,10
1,2,3,4,5,6,7,8,9,10
1,2,3,4,5,6,7,8,9,10
1,2,3,4,5,6,7,8,9,10
1,2,3,4,5,6,7,8,9,10
1,2,3,4,5,6,7,8,9,10
1,2,3,4,5,6,7,8,9,10
1,2,3,4,5,6,7,8,9,10
1,2,3,4,5,6,7,8,9,10
1,2,3,4,5,6,7,8,9,10
1,2,3,4,5,6,7,8,9,10
1,2,3,4,5,6,7,8,9,10
1,2,3,4,5,6,7,8,9,10
1,2,3,4,5,6,7,8,9,10
1,2,3,4,5,6,7,8,9,10
1,2,3,4,5,6,7,8,9,10
1,2,3,4,5,6,7,8,9,10
1,2,3,4,5,6,7,8,9,10
1,2,3,4,5,6,7,8,9,10
1,2,3,4,5,6,7,8,9,10
1,2,3,4,5,6,7,8,9,10
1,2,3,4,5,6,7,8,9,10
1,2,3,4,5,6,7,8,9,10
1,2,3,4,5,6,7,8,9,10
1,2,3,4,5,6,7,8,9,10
1,2,3,4,5,6,7,8,9,10
1,2,3,4,5,6,7,8,9,10
1,2,3,4,5,6,7,8,9,10
1,2,3,4,5,6,7,8,9,10
1,2,3,4,5,6,7,8,9,10
1,2,3,4,5,6,7,8,9,10
1,2,3,4,5,6,7,8,9,10
1,2,3,4,5,6,7,8,9,10
1,2,3,4,5,6,7,8,9,10
1,2,3,4,5,6,7,8,9,10
1,2,3,4,5,6,7,8,9,10
1,2,3,4,5,6,7,8,9,10
1,2,3,4,5,6,7,8,9,10
1,2,3,4,5,6,7,8,9,10
1,2,3,4,5,6,7,8,9,10
1,2,3,4,5,6,7,8,9,10
1,2,3,4,5,6,7,8,9,10
1,2,3,4,5,6,7,8,9,10
1,2,3,4,5,6,7,8,9,10
1,2,3,4,5,6,7,8,9,10
1,2,3,4,5,6,7,8,9,10
1,2,3,4,5,6,7,8,9,10
1,2,3,4,5,6,7,8,9,10
1,2,3,4,5,6,7,8,9,10
1,2,3,4,5,6,7,8,9,10
1,2,3,4,5,6,7,8,9,10
1,2,3,4,5,6,7,8,9,10
1,2,3,4,5,6,7,8,9,10
1,2,3,4,5,6,7,8,9,10
1,2,3,4,5,6,7,8,9,10
1,2,3,4,5,6,7,8,9,10
1,2,3,4,5,6,7,8,9,10
1,2,3,4,5,6,7,8,9,10
1,2,3,4,5,6,7,8,9,10
1,2,3,4,5,6,7,8,9,10
1,2,3,4,5,6,7,8,9,10
1,2,3,4,5,6,7,8,9,10
1,2,3,4,5,6,7,8,9,10
1,2,3,4,5,6,7,8,9,10
1,2,3,4,5,6,7,8,9,10
1,2,3,4,5,6,7,8,9,10
1,2,3,4,5,6,7,8,9,10
1,2,3,4,5,6,7,8,9,10
1,2,3,4,5,6,7,8,9,10
1,2,3,4,5,6,7,8,9,10
1,2,3,4,5,6,7,8,9,10
1,2,3,4,5,6,7,8,9,10
1,2,3,4,5,6,7,8,9,10
1,2,3,4,5,6,7,8,9,10
1,2,3,4,5,6,7,8,9,10
1,2,3,4,5,6,7,8,9,10
1,2,3,4,5,6,7,8,9,10
1,2,3,4,5,6,7,8,9,10
1,2,3,4,5,6,7,8,9,10
1,2,3,4,5,6,7,8,9,10
1,2,3,4,5,6,7,8,9,10
1,2,3,4,5,6,7,8,9,10
1,2,3,4,5,6,7,8,9,10
1,2,3,4,5,6,7,8,9,10
1,2,3,4,5,6,7,8,9,10
1,2,3,4,5,6,7,8,9,10
1,2,3,4,5,6,7,8,9,10
1,2,3,4,5,6,7,8,9,10
1,2,3,4,5,6,7,8,9,10
1,2,3,4,5,6,7,8,9,10
1,2,3,4,5,6,7,8,9,10
1,2,3,4,5,6,7,8,9,10
1,2,3,4,5,6,7,8,9,10
1,2,3,4,5,6,7,8,9,10
1,2,3,4,5,6,7,8,9,10
1,2,3,4,5,6,7,8,9,10
1,2,3,4,5,6,7,8,9,10
1,2,3,4,5,6,7,8,9,10
1,2,3,4,5,6,7,8,9,10
1,2,3,4,5,6,7,8,9,10
1,2,3,4,5,6,7,8,9,10
1,2,3,4,5,6,7,8,9,10
1,2,3,4,5,6,7,8,9,10
1,2,3,4,5,6,7,8,9,10
1,2,3,4,5,6,7,8,9,10
1,2,3,4,5,6,7,8,9,10
1,2,3,4,5,6,7,8,9,10
1,2,3,4,5,6,7,8,9,10
1,2,3,4,5,6,7,8,9,10
1,2,3,4,5,6,7,8,9,10
1,2,3,4,5,6,7,8,9,10
1,2,3,4,5,6,7,8,9,10
1,2,3,4,5,6,7,8,9,10
1,2,3,4,5,6,7,8,9,10
1,2,3,4,5,6,7,8,9,10
1,2,3,4,5,6,7,8,9,10
1,2,3,4,5,6,7,8,9,10
1,2,3,4,5,6,7,8,9,10
1,2,3,4,5,6,7,8,9,10
1,2,3,4,5,6,7,8,9,10
1,2,3,4,5,6,7,8,9,10
1,2,3,4,5,6,7,8,9,10
1,2,3,4,5,6,7,8,9,10
1,2,3,4,5,6,7,8,9,10
1,2,3,4,5,6,7,8,9,10
1,2,3,4,5,6,7,8,9,10
1,2,3,4,5,6,7,8,9,10
1,2,3,4,5,6,7,8,9,10
1,2,3,4,5,6,7,8,9,10
1,2,3,4,5,6,7,8,9,10
1,2,3,4,5,6,7,8,9,10
1,2,3,4,5,6,7,8,9,10
1,2,3,4,5,6,7,8,9,10
1,2,3,4,5,6,7,8,9,10
1,2,3,4,5,6,7,8,9,10
1,2,3,4,5,6,7,8,9,10
1,2,3,4,5,6,7,8,9,10
1,2,3,4,5,6,7,8,9,10
1,2,3,4,5,6,7,8,9,10
1,2,3,4,5,6,7,8,9,10
1,2,3,4,5,6,7,8,9,10
1,2,3,4,5,6,7,8,9,10
1,2,3,4,5,6,7,8,9,10
1,2,3,4,5,6,7,8,9,10
1,2,3,4,5,6,7,8,9,10
1,2,3,4,5,6,7,8,9,10
1,2,3,4,5,6,7,8,9,10
1,2,3,4,5,6,7,8,9,10
1,2,3,4,5,6,7,8,9,10
1,2,3,4,5,6,7,8,9,10
1,2,3,4,5,6,7,8,9,10
1,2,3,4,5,6,7,8,9,10
1,2,3,4,5,6,7,8,9,10
1,2,3,4,5,6,7,8,9,10
1,2,3,4,5,6,7,8,9,10
1,2,3,4,5,6,7,8,9,10
1,2,3,4,5,6,7,8,9,10
1,2,3,4,5,6,7,8,9,10
1,2,3,4,5,6,7,8,9,10
1,2,3,4,5,6,7,8,9,10
1,2,3,4,5,6,7,8,9,10
1,2,3,4,5,6,7,8,9,10
1,2,3,4,5,6,7,8,9,10
1,2,3,4,5,6,7,8,9,10
1,2,3,4,5,6,7,8,9,10
1,2,3,4,5,6,7,8,9,10
1,2,3,4,5,6,7,8,9,10
1,2,3,4,5,6,7,8,9,10
1,2,3,4,5,6,7,8,9,10
1,2,3,4,5,6,7,8,9,10
1,2,3,4,5,6,7,8,9,10
1,2,3,4,5,6,7,8,9,10
1,2,3,4,5,6,7,8,9,10
1,2,3,4,5,6,7,8,9,10
1,2,3,4,5,6,7,8,9,10
1,2,3,4,5,6,7,8,9,10
1,2,3,4,5,6,7,8,9,10
1,2,3,4,5,6,7,8,9,10
1,2,3,4,5,6,7,8,9,10
1,2,3,4,5,6,7,8,9,10
1,2,3,4,5,6,7,8,9,10
1,2,3,4,5,6,7,8,9,10
1,2,3,4,5,6,7,8,9,10
1,2,3,4,5,6,7,8,9,10
1,2,3,4,5,6,7,8,9,10
1,2,3,4,5,6,7,8,9,10
1,2,3,4,5,6,7,8,9,10
1,2,3,4,5,6,7,8,9,10
1,2,3,4,5,6,7,8,9,10
1,2,3,4,5,6,7,8,9,10
1,2,3,4,5,6,7,8,9,10
1,2,3,4,5,6,7,8,9,10
1,2,3,4,5,6,7,8,9,10
1,2,3,4,5,6,7,8,9,10
1,2,3,4,5,6,7,8,9,10
1,2,3,4,5,6,7,8,9,10
1,2,3,4,5,6,7,8,9,10
1,2,3,4,5,6,7,8,9,10
1,2,3,4,5,6,7,8,9,10
1,2,3,4,5,6,7,8,9,10
1,2,3,4,5,6,7,8,9,10
1,2,3,4,5,6,7,8,9,10
1,2,3,4,5,6,7,8,9,10
1,2,3,4,5,6,7,8,9,10
1,2,3,4,5,6,7,8,9,10
1,2,3,4,5,6,7,8,9,10
1,2,3,4,5,6,7,8,9,10
1,2,3,4,5,6,7,8,9,10
1,2,3,4,5,6,7,8,9,10
1,2,3,4,5,6,7,8,9,10
1,2,3,4,5,6,7,8,9,10
1,2,3,4,5,6,7,8,9,10
1,2,3,4,5,6,7,8,9,10
1,2,3,4,5,6,7,8,9,10
1,2,3,4,5,6,7,8,9,10
1,2,3,4,5,6,7,8,9,10
1,2,3,4,5,6,7,8,9,10
1,2,3,4,5,6,7,8,9,10
1,2,3,4,5,6,7,8,9,10
1,2,3,4,5,6,7,8,9,10
1,2,3,4,5,6,7,8,9,10
1,2,3,4,5,6,7,8,9,10
1,2,3,4,5,6,7,8,9,10
1,2,3,4,5,6,7,8,9,10
1,2,3,4,5,6,7,8,9,10
1,2,3,4,5,6,7,8,9,10
1,2,3,4,5,6,7,8,9,10
1,2,3,4,5,6,7,8,9,10
1,2,3,4,5,6,7,8,9,10
1,2,3,4,5,6,7,8,9,10
1,2,3,4,5,6,7,8,9,10
1,2,3,4,5,6,7,8,9,10
1,2,3,4,5,6,7,8,9,10
1,2,3,4,5,6,7,8,9,10
1,2,3,4,5,6,7,8,9,10
1,2,3,4,5,6,7,8,9,10
1,2,3,4,5,6,7,8,9,10
1,2,3,4,5,6,7,8,9,10
1,2,3,4,5,6,7,8,9,10
1,2,3,4,5,6,7,8,9,10
1,2,3,4,5,6,7,8,9,10
1,2,3,4,5,6,7,8,9,10
1,2,3,4,5,6,7,8,9,10
1,2,3,4,5,6,7,8,9,10
1,2,3,4,5,6,7,8,9,10
1,2,3,4,5,6,7,8,9,10
1,2,3,4,5,6,7,8,9,10
1,2,3,4,5,6,7,8,9,10
1,2,3,4,5,6,7,8,9,10
1,2,3,4,5,6,7,8,9,10
1,2,3,4,5,6,7,8,9,10
1,2,3,4,5,6,7,8,9,10
1,2,3,4,5,6,7,8,9,10
1,2,3,4,5,6,7,8,9,10
1,2,3,4,5,6,7,8,9,10
1,2,3,4,5,6,7,8,9,10
1,2,3,4,5,6,7,8,9,10
1,2,3,4,5,6,7,8,9,10
1,2,3,4,5,6,7,8,9,10
1,2,3,4,5,6,7,8,9,10
1,2,3,4,5,6,7,8,9,10
1,2,3,4,5,6,7,8,9,10
1,2,3,4,5,6,7,8,9,10
1,2,3,4,5,6,7,8,9,10
1,2,3,4,5,6,7,8,9,10
1,2,3,4,5,6,7,8,9,10
1,2,3,4,5,6,7,8,9,10
1,2,3,4,5,6,7,8,9,10
1,2,3,4,5,6,7,8,9,10
1,2,3,4,5,6,7,8,9,10
1,2,3,4,5,6,7,8,9,10
1,2,3,4,5,6,7,8,9,10
1,2,3,4,5,6,7,8,9,10
1,2,3,4,5,6,7,8,9,10
1,2,3,4,5,6,7,8,9,10
1,2,3,4,5,6,7,8,9,10
1,2,3,4,5,6,7,8,9,10
1,2,3,4,5,6,7,8,9,10
1,2,3,4,5,6,7,8,9,10
1,2,3,4,5,6,7,8,9,10
1,2,3,4,5,6,7,8,9,10
1,2,3,4,5,6,7,8,9,10
1,2,3,4,5,6,7,8,9,10
1,2,3,4,5,6,7,8,9,10
1,2,3,4,5,6,7,8,9,10
1,2,3,4,5,6,7,8,9,10
1,2,3,4,5,6,7,8,9,10
1,2,3,4,5,6,7,8,9,10
1,2,3,4,5,6,7,8,9,10
1,2,3,4,5,6,7,8,9,10
1,2,3,4,5,6,7,8,9,10
1,2,3,4,5,6,7,8,9,10
1,2,3,4,5,6,7,8,9,10
1,2,3,4,5,6,7,8,9,10
1,2,3,4,5,6,7,8,9,10
1,2,3,4,5,6,7,8,9,10
1,2,3,4,5,6,7,8,9,10
1,2,3,4,5,6,7,8,9,10
1,2,3,4,5,6,7,8,9,10
1,2,3,4,5,6,7,8,9,10
1,2,3,4,5,6,7,8,9,10
1,2,3,4,5,6,7,8,9,10
1,2,3,4,5,6,7,8,9,10
1,2,3,4,5,6,7,8,9,10
1,2,3,4,5,6,7,8,9,10
1,2,3,4,5,6,7,8,9,10
1,2,3,4,5,6,7,8,9,10
1,2,3,4,5,6,7,8,9,10
1,2,3,4,5,6,7,8,9,10
1,2,3,4,5,6,7,8,9,10
1,2,3,4,5,6,7,8,9,10
1,2,3,4,5,6,7,8,9,10
1,2,3,4,5,6,7,8,9,10
1,2,3,4,5,6,7,8,9,10
1,2,3,4,5,6,7,8,9,10
1,2,3,4,5,6,7,8,9,10
1,2,3,4,5,6,7,8,9,10
1,2,3,4,5,6,7,8,9,10
1,2,3,4,5,6,7,8,9,10
1,2,3,4,5,6,7,8,9,10
1,2,3,4,5,6,7,8,9,10
1,2,3,4,5,6,7,8,9,10
1,2,3,4,5,6,7,8,9,10
1,2,3,4,5,6,7,8,9,10
1,2,3,4,5,6,7,8,9,10
1,2,3,4,5,6,7,8,9,10
1,2,3,4,5,6,7,8,9,10
1,2,3,4,5,6,7,8,9,10
1,2,3,4,5,6,7,8,9,10
1,2,3,4,5,6,7,8,9,10
1,2,3,4,5,6,7,8,9,10
1,2,3,4,5,6,7,8,9,10
1,2,3,4,5,6,7,8,9,10
1,2,3,4,5,6,7,8,9,10
1,2,3,4,5,6,7,8,9,10
1,2,3,4,5,6,7,8,9,10
1,2,3,4,5,6,7,8,9,10
1,2,3,4,5,6,7,8,9,10
1,2,3,4,5,6,7,8,9,10
1,2,3,4,5,6,7,8,9,10
1,2,3,4,5,6,7,8,9,10
1,2,3,4,5,6,7,8,9,10
1,2,3,4,5,6,7,8,9,10
1,2,3,4,5,6,7,8,9,10
1,2,3,4,5,6,7,8,9,10
1,2,3,4,5,6,7,8,9,10
1,2,3,4,5,6,7,8,9,10
1,2,3,4,5,6,7,8,9,10
1,2,3,4,5,6,7,8,9,10
1,2,3,4,5,6,7,8,9,10
1,2,3,4,5,6,7,8,9,10
1,2,3,4,5,6,7,8,9,10
1,2,3,4,5,6,7,8,9,10
1,2,3,4,5,6,7,8,9,10
1,2,3,4,5,6,7,8,9,10
1,2,3,4,5,6,7,8,9,10
1,2,3,4,5,6,7,8,9,10
1,2,3,4,5,6,7,8,9,10
1,2,3,4,5,6,7,8,9,10
1,2,3,4,5,6,7,8,9,10
1,2,3,4,5,6,7,8,9,10
1,2,3,4,5,6,7,8,9,10
1,2,3,4,5,6,7,8,9,10
1,2,3,4,5,6,7,8,9,10
1,2,3,4,5,6,7,8,9,10
1,2,3,4,5,6,7,8,9,10
1,2,3,4,5,6,7,8,9,10
1,2,3,4,5,6,7,8,9,10
1,2,3,4,5,6,7,8,9,10
1,2,3,4,5,6,7,8,9,10
1,2,3,4,5,6,7,8,9,10
1,2,3,4,5,6,7,8,9,10
1,2,3,4,5,6,7,8,9,10
1,2,3,4,5,6,7,8,9,10
1,2,3,4,5,6,7,8,9,10
1,2,3,4,5,6,7,8,9,10
1,2,3,4,5,6,7,8,9,10
1,2,3,4,5,6,7,8,9,10
1,2,3,4,5,6,7,8,9,10
1,2,3,4,5,6,7,8,9,10
1,2,3,4,5,6,7,8,9,10
1,2,3,4,5,6,7,8,9,10
1,2,3,4,5,6,7,8,9,10
1,2,3,4,5,6,7,8,9,10
1,2,3,4,5,6,7,8,9,10
1,2,3,4,5,6,7,8,9,10
1,2,3,4,5,6,7,8,9,10
1,2,3,4,5,6,7,8,9,10
1,2,3,4,5,6,7,8,9,10
1,2,3,4,5,6,7,8,9,10
1,2,3,4,5,6,7,8,9,10
1,2,3,4,5,6,7,8,9,10
1,2,3,4,5,6,7,8,9,10
1,2,3,4,5,6,7,8,9,10
1,2,3,4,5,6,7,8,9,10
1,2,3,4,5,6,7,8,9,10
1,2,3,4,5,6,7,8,9,10
1,2,3,4,5,6,7,8,9,10
1,2,3,4,5,6,7,8,9,10
1,2,3,4,5,6,7,8,9,10
1,2,3,4,5,6,7,8,9,10
1,2,3,4,5,6,7,8,9,10
1,2,3,4,5,6,7,8,9,10
1,2,3,4,5,6,7,8,9,10
1,2,3,4,5,6,7,8,9,10
1,2,3,4,5,6,7,8,9,10
1,2,3,4,5,6,7,8,9,10
1,2,3,4,5,6,7,8,9,10
1,2,3,4,5,6,7,8,9,10
1,2,3,4,5,6,7,8,9,10
1,2,3,4,5,6,7,8,9,10
1,2,3,4,5,6,7,8,9,10
1,2,3,4,5,6,7,8,9,10
1,2,3,4,5,6,7,8,9,10
1,2,3,4,5,6,7,8,9,10
1,2,3,4,5,6,7,8,9,10
1,2,3,4,5,6,7,8,9,10
1,2,3,4,5,6,7,8,9,10
1,2,3,4,5,6,7,8,9,10
1,2,3,4,5,6,7,8,9,10
1,2,3,4,5,6,7,8,9,10
1,2,3,4,5,6,7,8,9,10
1,2,3,4,5,6,7,8,9,10
1,2,3,4,5,6,7,8,9,10
1,2,3,4,5,6,7,8,9,10
1,2,3,4,5,6,7,8,9,10
1,2,3,4,5,6,7,8,9,10
1,2,3,4,5,6,7,8,9,10
1,2,3,4,5,6,7,8,9,10
1,2,3,4,5,6,7,8,9,10
1,2,3,4,5,6,7,8,9,10
1,2,3,4,5,6,7,8,9,10
1,2,3,4,5,6,7,8,9,10
1,2,3,4,5,6,7,8,9,10
1,2,3,4,5,6,7,8,9,10
1,2,3,4,5,6,7,8,9,10
1,2,3,4,5,6,7,8,9,10
1,2,3,4,5,6,7,8,9,10
1,2,3,4,5,6,7,8,9,10
1,2,3,4,5,6,7,8,9,10
1,2,3,4,5,6,7,8,9,10
1,2,3,4,5,6,7,8,9,10
1,2,3,4,5,6,7,8,9,10
1,2,3,4,5,6,7,8,9,10
1,2,3,4,5,6,7,8,9,10
1,2,3,4,5,6,7,8,9,10
1,2,3,4,5,6,7,8,9,10
1,2,3,4,5,6,7,8,9,10
1,2,3,4,5,6,7,8,9,10
1,2,3,4,5,6,7,8,9,10
1,2,3,4,5,6,7,8,9,10
1,2,3,4,5,6,7,8,9,10
1,2,3,4,5,6,7,8,9,10
1,2,3,4,5,6,7,8,9,10
1,2,3,4,5,6,7,8,9,10
1,2,3,4,5,6,7,8,9,10
1,2,3,4,5,6,7,8,9,10
1,2,3,4,5,6,7,8,9,10
1,2,3,4,5,6,7,8,9,10
1,2,3,4,5,6,7,8,9,10
1,2,3,4,5,6,7,8,9,10
1,2,3,4,5,6,7,8,9,10
1,2,3,4,5,6,7,8,9,10
1,2,3,4,5,6,7,8,9,10
1,2,3,4,5,6,7,8,9,10
1,2,3,4,5,6,7,8,9,10
1,2,3,4,5,6,7,8,9,10
1,2,3,4,5,6,7,8,9,10
1,2,3,4,5,6,7,8,9,10
1,2,3,4,5,6,7,8,9,10
1,2,3,4,5,6,7,8,9,10
1,2,3,4,5,6,7,8,9,10
1,2,3,4,5,6,7,8,9,10
1,2,3,4,5,6,7,8,9,10
1,2,3,4,5,6,7,8,9,10
1,2,3,4,5,6,7,8,9,10
1,2,3,4,5,6,7,8,9,10
1,2,3,4,5,6,7,8,9,10
1,2,3,4,5,6,7,8,9,10
1,2,3,4,5,6,7,8,9,10
1,2,3,4,5,6,7,8,9,10
1,2,3,4,5,6,7,8,9,10
1,2,3,4,5,6,7,8,9,10
1,2,3,4,5,6,7,8,9,10
1,2,3,4,5,6,7,8,9,10
1,2,3,4,5,6,7,8,9,10
1,2,3,4,5,6,7,8,9,10
1,2,3,4,5,6,7,8,9,10
1,2,3,4,5,6,7,8,9,10
1,2,3,4,5,6,7,8,9,10
1,2,3,4,5,6,7,8,9,10
1,2,3,4,5,6,7,8,9,10
1,2,3,4,5,6,7,8,9,10
1,2,3,4,5,6,7,8,9,10
1,2,3,4,5,6,7,8,9,10
1,2,3,4,5,6,7,8,9,10
1,2,3,4,5,6,7,8,9,10
1,2,3,4,5,6,7,8,9,10
1,2,3,4,5,6,7,8,9,10
1,2,3,4,5,6,7,8,9,10
1,2,3,4,5,6,7,8,9,10
1,2,3,4,5,6,7,8,9,10
1,2,3,4,5,6,7,8,9,10
1,2,3,4,5,6,7,8,9,10
1,2,3,4,5,6,7,8,9,10
1,2,3,4,5,6,7,8,9,10
1,2,3,4,5,6,7,8,9,10
1,2,3,4,5,6,7,8,9,10
1,2,3,4,5,6,7,8,9,10
1,2,3,4,5,6,7,8,9,10
1,2,3,4,5,6,7,8,9,10
1,2,3,4,5,6,7,8,9,10
1,2,3,4,5,6,7,8,9,10
1,2,3,4,5,6,7,8,9,10
1,2,3,4,5,6,7,8,9,10
1,2,3,4,5,6,7,8,9,10
1,2,3,4,5,6,7,8,9,10
1,2,3,4,5,6,7,8,9,10
1,2,3,4,5,6,7,8,9,10
1,2,3,4,5,6,7,8,9,10
1,2,3,4,5,6,7,8,9,10
1,2,3,4,5,6,7,8,9,10
1,2,3,4,5,6,7,8,9,10
1,2,3,4,5,6,7,8,9,10
1,2,3,4,5,6,7,8,9,10
1,2,3,4,5,6,7,8,9,10
1,2,3,4,5,6,7,8,9,10
1,2,3,4,5,6,7,8,9,10
1,2,3,4,5,6,7,8,9,10
1,2,3,4,5,6,7,8,9,10
1,2,3,4,5,6,7,8,9,10
1,2,3,4,5,6,7,8,9,10
1,2,3,4,5,6,7,8,9,10
1,2,3,4,5,6,7,8,9,10
1,2,3,4,5,6,7,8,9,10
1,2,3,4,5,6,7,8,9,10
1,2,3,4,5,6,7,8,9,10
1,2,3,4,5,6,7,8,9,10
1,2,3,4,5,6,7,8,9,10
1,2,3,4,5,6,7,8,9,10
1,2,3,4,5,6,7,8,9,10
1,2,3,4,5,6,7,8,9,10
1,2,3,4,5,6,7,8,9,10
1,2,3,4,5,6,7,8,9,10
1,2,3,4,5,6,7,8,9,10
1,2,3,4,5,6,7,8,9,10
1,2,3,4,5,6,7,8,9,10
1,2,3,4,5,6,7,8,9,10
1,2,3,4,5,6,7,8,9,10
1,2,3,4,5,6,7,8,9,10
1,2,3,4,5,6,7,8,9,10
1,2,3,4,5,6,7,8,9,10
1,2,3,4,5,6,7,8,9,10
1,2,3,4,5,6,7,8,9,10
1,2,3,4,5,6,7,8,9,10
1,2,3,4,5,6,7,8,9,10
1,2,3,4,5,6,7,8,9,10
1,2,3,4,5,6,7,8,9,10
1,2,3,4,5,6,7,8,9,10
1,2,3,4,5,6,7,8,9,10
1,2,3,4,5,6,7,8,9,10
1,2,3,4,5,6,7,8,9,10
1,2,3,4,5,6,7,8,9,10
1,2,3,4,5,6,7,8,9,10
1,2,3,4,5,6,7,8,9,10
1,2,3,4,5,6,7,8,9,10
1,2,3,4,5,6,7,8,9,10
1,2,3,4,5,6,7,8,9,10
1,2,3,4,5,6,7,8,9,10
1,2,3,4,5,6,7,8,9,10
1,2,3,4,5,6,7,8,9,10
1,2,3,4,5,6,7,8,9,10
1,2,3,4,5,6,7,8,9,10
1,2,3,4,5,6,7,8,9,10
1,2,3,4,5,6,7,8,9,10
1,2,3,4,5,6,7,8,9,10
1,2,3,4,5,6,7,8,9,10
1,2,3,4,5,6,7,8,9,10
1,2,3,4,5,6,7,8,9,10
1,2,3,4,5,6,7,8,9,10
1,2,3,4,5,6,7,8,9,10
1,2,3,4,5,6,7,8,9,10
1,2,3,4,5,6,7,8,9,10
1,2,3,4,5,6,7,8,9,10
1,2,3,4,5,6,7,8,9,10
1,2,3,4,5,6,7,8,9,10
1,2,3,4,5,6,7,8,9,10
1,2,3,4,5,6,7,8,9,10
1,2,3,4,5,6,7,8,9,10
1,2,3,4,5,6,7,8,9,10
1,2,3,4,5,6,7,8,9,10
1,2,3,4,5,6,7,8,9,10
1,2,3,4,5,6,7,8,9,10
1,2,3,4,5,6,7,8,9,10
1,2,3,4,5,6,7,8,9,10
1,2,3,4,5,6,7,8,9,10
1,2,3,4,5,6,7,8,9,10
1,2,3,4,5,6,7,8,9,10
1,2,3,4,5,6,7,8,9,10
1,2,3,4,5,6,7,8,9,10
1,2,3,4,5,6,7,8,9,10
1,2,3,4,5,6,7,8,9,10
1,2,3,4,5,6,7,8,9,10
1,2,3,4,5,6,7,8,9,10
1,2,3,4,5,6,7,8,9,10
1,2,3,4,5,6,7,8,9,10
1,2,3,4,5,6,7,8,9,10
1,2,3,4,5,6,7,8,9,10
1,2,3,4,5,6,7,8,9,10
1,2,3,4,5,6,7,8,9,10
1,2,3,4,5,6,7,8,9,10
1,2,3,4,5,6,7,8,9,10
1,2,3,4,5,6,7,8,9,10
1,2,3,4,5,6,7,8,9,10
1,2,3,4,5,6,7,8,9,10
1,2,3,4,5,6,7,8,9,10
1,2,3,4,5,6,7,8,9,10
1,2,3,4,5,6,7,8,9,10
1,2,3,4,5,6,7,8,9,10
1,2,3,4,5,6,7,8,9,10
1,2,3,4,5,6,7,8,9,10
1,2,3,4,5,6,7,8,9,10
1,2,3,4,5,6,7,8,9,10
1,2,3,4,5,6,7,8,9,10
1,2,3,4,5,6,7,8,9,10
1,2,3,4,5,6,7,8,9,10
1,2,3,4,5,6,7,8,9,10
1,2,3,4,5,6,7,8,9,10
1,2,3,4,5,6,7,8,9,10
1,2,3,4,5,6,7,8,9,10
1,2,3,4,5,6,7,8,9,10
1,2,3,4,5,6,7,8,9,10
1,2,3,4,5,6,7,8,9,10
1,2,3,4,5,6,7,8,9,10
1,2,3,4,5,6,7,8,9,10
1,2,3,4,5,6,7,8,9,10
1,2,3,4,5,6,7,8,9,10
1,2,3,4,5,6,7,8,9,10
1,2,3,4,5,6,7,8,9,10
1,2,3,4,5,6,7,8,9,10
1,2,3,4,5,6,7,8,9,10
1,2,3,4,5,6,7,8,9,10
1,2,3,4,5,6,7,8,9,10
1,2,3,4,5,6,7,8,9,10
1,2,3,4,5,6,7,8,9,10
1,2,3,4,5,6,7,8,9,10
1,2,3,4,5,6,7,8,9,10
1,2,3,4,5,6,7,8,9,10
1,2,3,4,5,6,7,8,9,10
1,2,3,4,5,6,7,8,9,10
1,2,3,4,5,6,7,8,9,10
1,2,3,4,5,6,7,8,9,10
1,2,3,4,5,6,7,8,9,10
1,2,3,4,5,6,7,8,9,10
1,2,3,4,5,6,7,8,9,10
1,2,3,4,5,6,7,8,9,10
1,2,3,4,5,6,7,8,9,10
1,2,3,4,5,6,7,8,9,10
1,2,3,4,5,6,7,8,9,10
1,2,3,4,5,6,7,8,9,10
1,2,3,4,5,6,7,8,9,10
1,2,3,4,5,6,7,8,9,10
1,2,3,4,5,6,7,8,9,10
1,2,3,4,5,6,7,8,9,10
1,2,3,4,5,6,7,8,9,10
1,2,3,4,5,6,7,8,9,10
1,2,3,4,5,6,7,8,9,10
1,2,3,4,5,6,7,8,9,10
1,2,3,4,5,6,7,8,9,10
1,2,3,4,5,6,7,8,9,10
1,2,3,4,5,6,7,8,9,10
1,2,3,4,5,6,7,8,9,10
1,2,3,4,5,6,7,8,9,10
1,2,3,4,5,6,7,8,9,10
1,2,3,4,5,6,7,8,9,10
1,2,3,4,5,6,7,8,9,10
1,2,3,4,5,6,7,8,9,10
1,2,3,4,5,6,7,8,9,10
1,2,3,4,5,6,7,8,9,10
1,2,3,4,5,6,7,8,9,10
1,2,3,4,5,6,7,8,9,10
1,2,3,4,5,6,7,8,9,10
1,2,3,4,5,6,7,8,9,10
1,2,3,4,5,6,7,8,9,10
1,2,3,4,5,6,7,8,9,10
1,2,3,4,5,6,7,8,9,10
1,2,3,4,5,6,7,8,9,10
1,2,3,4,5,6,7,8,9,10
1,2,3,4,5,6,7,8,9,10
1,2,3,4,5,6,7,8,9,10
1,2,3,4,5,6,7,8,9,10
1,2,3,4,5,6,7,8,9,10
1,2,3,4,5,6,7,8,9,10
1,2,3,4,5,6,7,8,9,10
1,2,3,4,5,6,7,8,9,10
1,2,3,4,5,6,7,8,9,10
1,2,3,4,5,6,7,8,9,10
1,2,3,4,5,6,7,8,9,10
1,2,3,4,5,6,7,8,9,10
1,2,3,4,5,6,7,8,9,10
1,2,3,4,5,6,7,8,9,10
1,2,3,4,5,6,7,8,9,10
1,2,3,4,5,6,7,8,9,10
1,2,3,4,5,6,7,8,9,10
1,2,3,4,5,6,7,8,9,10
1,2,3,4,5,6,7,8,9,10
1,2,3,4,5,6,7,8,9,10
1,2,3,4,5,6,7,8,9,10
1,2,3,4,5,6,7,8,9,10
1,2,3,4,5,6,7,8,9,10
1,2,3,4,5,6,7,8,9,10
1,2,3,4,5,6,7,8,9,10
1,2,3,4,5,6,7,8,9,10
1,2,3,4,5,6,7,8,9,10
1,2,3,4,5,6,7,8,9,10
